[2026-08-07 06:55:05] Inicio de la automatización.
[2026-08-07 06:59:47] Mensaje(s) enviado(s) correctamente.
[2026-08-07 06:59:52] Navegador cerrado.
[2026-08-07 07:10:07] Inicio de la automatización.
[2026-08-07 07:11:26] Mensaje(s) enviado(s) correctamente.
[2026-08-07 07:11:29] Navegador cerrado.
[2026-08-07 11:57:59] Inicio de la automatización.
[2026-08-07 11:58:21] Mensaje(s) enviado(s) correctamente.
[2026-08-07 11:58:25] Navegador cerrado.
[2026-08-07 12:57:02] Inicio de la automatización.
[2026-08-07 12:57:21] Mensaje(s) enviado(s) correctamente.
[2026-08-07 12:57:24] Navegador cerrado.
[2026-08-07 16:45:03] Inicio de la automatización.
[2026-08-07 16:46:01] Mensaje(s) enviado(s) correctamente.
[2026-08-07 16:46:03] Navegador cerrado.
[2026-08-07 17:00:02] Inicio de la automatización.
[2026-08-07 17:00:29] Mensaje(s) enviado(s) correctamente.
[2026-08-07 17:00:32] Navegador cerrado.
[2026-08-08 06:55:02] Inicio de la automatización.
[2026-08-08 06:59:23] Mensaje(s) enviado(s) correctamente.
[2026-08-08 06:59:26] Navegador cerrado.
[2026-08-08 07:10:02] Inicio de la automatización.
[2026-08-08 07:10:45] Mensaje(s) enviado(s) correctamente.
[2026-08-08 07:10:48] Navegador cerrado.
[2026-08-08 07:30:01] Inicio de la automatización.
[2026-08-08 07:30:55] Mensaje(s) enviado(s) correctamente.
[2026-08-08 07:30:57] Navegador cerrado.
[2026-08-08 11:57:59] Inicio de la automatización.
[2026-08-08 11:58:15] Mensaje(s) enviado(s) correctamente.
[2026-08-08 11:58:17] Navegador cerrado.
[2026-08-10 06:55:05] Inicio de la automatización.
[2026-08-10 06:55:10] ERROR: Traceback (most recent call last):
  File "C:\Users\Christian Redes\OneDrive - Grupo MV\Escritorio\Reportes WA con Selenium\MSJ AUTO\mensajes.py", line 149, in ejecutar_automatizacion
    driver = crear_driver()
  File "C:\Users\Christian Redes\OneDrive - Grupo MV\Escritorio\Reportes WA con Selenium\MSJ AUTO\mensajes.py", line 61, in crear_driver
    driver = webdriver.Chrome(
        service=Service(ChromeDriverManager().install()), options=opciones
    )
  File "C:\Users\Christian Redes\AppData\Local\Programs\Python\Python313\Lib\site-packages\selenium\webdriver\chrome\webdriver.py", line 45, in __init__
    super().__init__(
    ~~~~~~~~~~~~~~~~^
        browser_name=DesiredCapabilities.CHROME["browserName"],
        ^^^^^^^^^^^^^^^^^^^^^^^^^^^^^^^^^^^^^^^^^^^^^^^^^^^^^^^
    ...<3 lines>...
        keep_alive=keep_alive,
        ^^^^^^^^^^^^^^^^^^^^^^
    )
    ^
  File "C:\Users\Christian Redes\AppData\Local\Programs\Python\Python313\Lib\site-packages\selenium\webdriver\chromium\webdriver.py", line 66, in __init__
    super().__init__(command_executor=executor, options=self.options)
    ~~~~~~~~~~~~~~~~^^^^^^^^^^^^^^^^^^^^^^^^^^^^^^^^^^^^^^^^^^^^^^^^^
  File "C:\Users\Christian Redes\AppData\Local\Programs\Python\Python313\Lib\site-packages\selenium\webdriver\common\webdriver.py", line 25, in __init__
    super().__init__(*args, **kwargs)
    ~~~~~~~~~~~~~~~~^^^^^^^^^^^^^^^^^
  File "C:\Users\Christian Redes\AppData\Local\Programs\Python\Python313\Lib\site-packages\selenium\webdriver\remote\webdriver.py", line 274, in __init__
    self.start_session(capabilities)
    ~~~~~~~~~~~~~~~~~~^^^^^^^^^^^^^^
  File "C:\Users\Christian Redes\AppData\Local\Programs\Python\Python313\Lib\site-packages\selenium\webdriver\remote\webdriver.py", line 370, in start_session
    response = self.execute(Command.NEW_SESSION, caps)["value"]
               ~~~~~~~~~~~~^^^^^^^^^^^^^^^^^^^^^^^^^^^
  File "C:\Users\Christian Redes\AppData\Local\Programs\Python\Python313\Lib\site-packages\selenium\webdriver\remote\webdriver.py", line 450, in execute
    self.error_handler.check_response(response)
    ~~~~~~~~~~~~~~~~~~~~~~~~~~~~~~~~~^^^^^^^^^^
  File "C:\Users\Christian Redes\AppData\Local\Programs\Python\Python313\Lib\site-packages\selenium\webdriver\remote\errorhandler.py", line 232, in check_response
    raise exception_class(message, screen, stacktrace)
selenium.common.exceptions.SessionNotCreatedException: Message: session not created: Chrome failed to start: crashed.
  (session not created: DevToolsActivePort file doesn't exist)
  (The process started from chrome location C:\Program Files\Google\Chrome\Application\chrome.exe is no longer running, so ChromeDriver is assuming that Chrome has crashed.); For documentation on this error, please visit: https://www.selenium.dev/documentation/webdriver/troubleshooting/errors#sessionnotcreatedexception
Stacktrace:
	chromedriver!GetHandleVerifier [0x12bd9a3+fca3]
	chromedriver!GetHandleVerifier [0x12bd9e4+fce4]
	chromedriver!(No symbol) [0x1099240]
	chromedriver!(No symbol) [0x10cfd50]
	chromedriver!(No symbol) [0x10cad90]
	chromedriver!(No symbol) [0x111190f]
	chromedriver!(No symbol) [0x1111127]
	chromedriver!(No symbol) [0x1105626]
	chromedriver!(No symbol) [0x10d87f9]
	chromedriver!(No symbol) [0x10d95c4]
	chromedriver!GetHandleVerifier [0x15489fa+29acfa]
	chromedriver!GetHandleVerifier [0x1543e69+296169]
	chromedriver!GetHandleVerifier [0x12e901e+3b31e]
	chromedriver!GetHandleVerifier [0x12d83d6+2a6d6]
	chromedriver!GetHandleVerifier [0x12df17d+3147d]
	chromedriver!GetHandleVerifier [0x12c6948+18c48]
	chromedriver!GetHandleVerifier [0x12c6af5+18df5]
	chromedriver!GetHandleVerifier [0x12afb5f+1e5f]
	KERNEL32!BaseThreadInitThunk [0x774efcc9+19]
	ntdll!RtlGetAppContainerNamedObjectPath [0x77bd82ae+11e]
	ntdll!RtlGetAppContainerNamedObjectPath [0x77bd827e+ee]


[2026-08-10 06:55:10] Navegador cerrado.
[2026-08-10 07:10:02] Inicio de la automatización.
[2026-08-10 07:10:49] Mensaje(s) enviado(s) correctamente.
[2026-08-10 07:10:52] Navegador cerrado.
[2026-08-10 11:57:59] Inicio de la automatización.
[2026-08-10 11:58:22] Mensaje(s) enviado(s) correctamente.
[2026-08-10 11:58:24] Navegador cerrado.
[2026-08-10 12:57:02] Inicio de la automatización.
[2026-08-10 12:57:24] Mensaje(s) enviado(s) correctamente.
[2026-08-10 12:57:26] Navegador cerrado.
[2026-08-10 16:45:02] Inicio de la automatización.
[2026-08-10 16:45:54] Mensaje(s) enviado(s) correctamente.
[2026-08-10 16:45:56] Navegador cerrado.
[2026-08-10 17:00:03] Inicio de la automatización.
[2026-08-10 17:00:30] Mensaje(s) enviado(s) correctamente.
[2026-08-10 17:00:32] Navegador cerrado.
[2026-08-11 06:55:03] Inicio de la automatización.
[2026-08-11 06:59:28] Mensaje(s) enviado(s) correctamente.
[2026-08-11 06:59:31] Navegador cerrado.
[2026-08-11 07:10:02] Inicio de la automatización.
[2026-08-11 07:11:05] Mensaje(s) enviado(s) correctamente.
[2026-08-11 07:11:08] Navegador cerrado.
[2026-08-11 11:58:00] Inicio de la automatización.
[2026-08-11 11:58:26] Mensaje(s) enviado(s) correctamente.
[2026-08-11 11:58:30] Navegador cerrado.
[2026-08-11 12:57:02] Inicio de la automatización.
[2026-08-11 12:57:25] Mensaje(s) enviado(s) correctamente.
[2026-08-11 12:57:28] Navegador cerrado.
[2026-08-11 16:45:02] Inicio de la automatización.
[2026-08-11 16:46:27] Mensaje(s) enviado(s) correctamente.
[2026-08-11 16:46:30] Navegador cerrado.
[2026-08-11 17:00:02] Inicio de la automatización.
[2026-08-11 17:00:27] Mensaje(s) enviado(s) correctamente.
[2026-08-11 17:00:30] Navegador cerrado.
[2026-08-12 06:55:03] Inicio de la automatización.
[2026-08-12 06:59:26] Mensaje(s) enviado(s) correctamente.
[2026-08-12 06:59:29] Navegador cerrado.
[2026-08-12 07:10:02] Inicio de la automatización.
[2026-08-12 07:10:57] Mensaje(s) enviado(s) correctamente.
[2026-08-12 07:11:00] Navegador cerrado.
[2026-08-12 11:57:59] Inicio de la automatización.
[2026-08-12 11:58:03] ERROR: Traceback (most recent call last):
  File "C:\Users\Christian Redes\OneDrive - Grupo MV\Escritorio\Reportes WA con Selenium\MSJ AUTO\mensajes.py", line 149, in ejecutar_automatizacion
    driver = crear_driver()
  File "C:\Users\Christian Redes\OneDrive - Grupo MV\Escritorio\Reportes WA con Selenium\MSJ AUTO\mensajes.py", line 61, in crear_driver
    driver = webdriver.Chrome(
        service=Service(ChromeDriverManager().install()), options=opciones
    )
  File "C:\Users\Christian Redes\AppData\Local\Programs\Python\Python313\Lib\site-packages\selenium\webdriver\chrome\webdriver.py", line 45, in __init__
    super().__init__(
    ~~~~~~~~~~~~~~~~^
        browser_name=DesiredCapabilities.CHROME["browserName"],
        ^^^^^^^^^^^^^^^^^^^^^^^^^^^^^^^^^^^^^^^^^^^^^^^^^^^^^^^
    ...<3 lines>...
        keep_alive=keep_alive,
        ^^^^^^^^^^^^^^^^^^^^^^
    )
    ^
  File "C:\Users\Christian Redes\AppData\Local\Programs\Python\Python313\Lib\site-packages\selenium\webdriver\chromium\webdriver.py", line 66, in __init__
    super().__init__(command_executor=executor, options=self.options)
    ~~~~~~~~~~~~~~~~^^^^^^^^^^^^^^^^^^^^^^^^^^^^^^^^^^^^^^^^^^^^^^^^^
  File "C:\Users\Christian Redes\AppData\Local\Programs\Python\Python313\Lib\site-packages\selenium\webdriver\common\webdriver.py", line 25, in __init__
    super().__init__(*args, **kwargs)
    ~~~~~~~~~~~~~~~~^^^^^^^^^^^^^^^^^
  File "C:\Users\Christian Redes\AppData\Local\Programs\Python\Python313\Lib\site-packages\selenium\webdriver\remote\webdriver.py", line 274, in __init__
    self.start_session(capabilities)
    ~~~~~~~~~~~~~~~~~~^^^^^^^^^^^^^^
  File "C:\Users\Christian Redes\AppData\Local\Programs\Python\Python313\Lib\site-packages\selenium\webdriver\remote\webdriver.py", line 370, in start_session
    response = self.execute(Command.NEW_SESSION, caps)["value"]
               ~~~~~~~~~~~~^^^^^^^^^^^^^^^^^^^^^^^^^^^
  File "C:\Users\Christian Redes\AppData\Local\Programs\Python\Python313\Lib\site-packages\selenium\webdriver\remote\webdriver.py", line 450, in execute
    self.error_handler.check_response(response)
    ~~~~~~~~~~~~~~~~~~~~~~~~~~~~~~~~~^^^^^^^^^^
  File "C:\Users\Christian Redes\AppData\Local\Programs\Python\Python313\Lib\site-packages\selenium\webdriver\remote\errorhandler.py", line 232, in check_response
    raise exception_class(message, screen, stacktrace)
selenium.common.exceptions.SessionNotCreatedException: Message: session not created: Chrome failed to start: crashed.
  (session not created: DevToolsActivePort file doesn't exist)
  (The process started from chrome location C:\Program Files\Google\Chrome\Application\chrome.exe is no longer running, so ChromeDriver is assuming that Chrome has crashed.); For documentation on this error, please visit: https://www.selenium.dev/documentation/webdriver/troubleshooting/errors#sessionnotcreatedexception
Stacktrace:
	chromedriver!GetHandleVerifier [0x853353+fd93]
	chromedriver!GetHandleVerifier [0x853394+fdd4]
	chromedriver!(No symbol) [0x649220]
	chromedriver!(No symbol) [0x67fd30]
	chromedriver!(No symbol) [0x67ad70]
	chromedriver!(No symbol) [0x6c18ff]
	chromedriver!(No symbol) [0x6c1117]
	chromedriver!(No symbol) [0x6b5616]
	chromedriver!(No symbol) [0x6887e9]
	chromedriver!(No symbol) [0x6895b4]
	chromedriver!GetHandleVerifier [0xaef51a+2abf5a]
	chromedriver!GetHandleVerifier [0xaeaa21+2a7461]
	chromedriver!GetHandleVerifier [0x87f374+3bdb4]
	chromedriver!GetHandleVerifier [0x86e036+2aa76]
	chromedriver!GetHandleVerifier [0x874efd+3193d]
	chromedriver!GetHandleVerifier [0x85c8a8+192e8]
	chromedriver!GetHandleVerifier [0x85ca55+19495]
	chromedriver!GetHandleVerifier [0x8453ff+1e3f]
	KERNEL32!BaseThreadInitThunk [0x760ffcc9+19]
	ntdll!RtlGetAppContainerNamedObjectPath [0x77e882ae+11e]
	ntdll!RtlGetAppContainerNamedObjectPath [0x77e8827e+ee]


[2026-08-12 11:58:03] Navegador cerrado.
[2026-08-12 12:57:02] Inicio de la automatización.
[2026-08-12 12:57:06] ERROR: Traceback (most recent call last):
  File "C:\Users\Christian Redes\OneDrive - Grupo MV\Escritorio\Reportes WA con Selenium\MSJ AUTO\mensajes.py", line 149, in ejecutar_automatizacion
    driver = crear_driver()
  File "C:\Users\Christian Redes\OneDrive - Grupo MV\Escritorio\Reportes WA con Selenium\MSJ AUTO\mensajes.py", line 61, in crear_driver
    driver = webdriver.Chrome(
        service=Service(ChromeDriverManager().install()), options=opciones
    )
  File "C:\Users\Christian Redes\AppData\Local\Programs\Python\Python313\Lib\site-packages\selenium\webdriver\chrome\webdriver.py", line 45, in __init__
    super().__init__(
    ~~~~~~~~~~~~~~~~^
        browser_name=DesiredCapabilities.CHROME["browserName"],
        ^^^^^^^^^^^^^^^^^^^^^^^^^^^^^^^^^^^^^^^^^^^^^^^^^^^^^^^
    ...<3 lines>...
        keep_alive=keep_alive,
        ^^^^^^^^^^^^^^^^^^^^^^
    )
    ^
  File "C:\Users\Christian Redes\AppData\Local\Programs\Python\Python313\Lib\site-packages\selenium\webdriver\chromium\webdriver.py", line 66, in __init__
    super().__init__(command_executor=executor, options=self.options)
    ~~~~~~~~~~~~~~~~^^^^^^^^^^^^^^^^^^^^^^^^^^^^^^^^^^^^^^^^^^^^^^^^^
  File "C:\Users\Christian Redes\AppData\Local\Programs\Python\Python313\Lib\site-packages\selenium\webdriver\common\webdriver.py", line 25, in __init__
    super().__init__(*args, **kwargs)
    ~~~~~~~~~~~~~~~~^^^^^^^^^^^^^^^^^
  File "C:\Users\Christian Redes\AppData\Local\Programs\Python\Python313\Lib\site-packages\selenium\webdriver\remote\webdriver.py", line 274, in __init__
    self.start_session(capabilities)
    ~~~~~~~~~~~~~~~~~~^^^^^^^^^^^^^^
  File "C:\Users\Christian Redes\AppData\Local\Programs\Python\Python313\Lib\site-packages\selenium\webdriver\remote\webdriver.py", line 370, in start_session
    response = self.execute(Command.NEW_SESSION, caps)["value"]
               ~~~~~~~~~~~~^^^^^^^^^^^^^^^^^^^^^^^^^^^
  File "C:\Users\Christian Redes\AppData\Local\Programs\Python\Python313\Lib\site-packages\selenium\webdriver\remote\webdriver.py", line 450, in execute
    self.error_handler.check_response(response)
    ~~~~~~~~~~~~~~~~~~~~~~~~~~~~~~~~~^^^^^^^^^^
  File "C:\Users\Christian Redes\AppData\Local\Programs\Python\Python313\Lib\site-packages\selenium\webdriver\remote\errorhandler.py", line 232, in check_response
    raise exception_class(message, screen, stacktrace)
selenium.common.exceptions.SessionNotCreatedException: Message: session not created: Chrome failed to start: crashed.
  (session not created: DevToolsActivePort file doesn't exist)
  (The process started from chrome location C:\Program Files\Google\Chrome\Application\chrome.exe is no longer running, so ChromeDriver is assuming that Chrome has crashed.); For documentation on this error, please visit: https://www.selenium.dev/documentation/webdriver/troubleshooting/errors#sessionnotcreatedexception
Stacktrace:
	chromedriver!GetHandleVerifier [0x853353+fd93]
	chromedriver!GetHandleVerifier [0x853394+fdd4]
	chromedriver!(No symbol) [0x649220]
	chromedriver!(No symbol) [0x67fd30]
	chromedriver!(No symbol) [0x67ad70]
	chromedriver!(No symbol) [0x6c18ff]
	chromedriver!(No symbol) [0x6c1117]
	chromedriver!(No symbol) [0x6b5616]
	chromedriver!(No symbol) [0x6887e9]
	chromedriver!(No symbol) [0x6895b4]
	chromedriver!GetHandleVerifier [0xaef51a+2abf5a]
	chromedriver!GetHandleVerifier [0xaeaa21+2a7461]
	chromedriver!GetHandleVerifier [0x87f374+3bdb4]
	chromedriver!GetHandleVerifier [0x86e036+2aa76]
	chromedriver!GetHandleVerifier [0x874efd+3193d]
	chromedriver!GetHandleVerifier [0x85c8a8+192e8]
	chromedriver!GetHandleVerifier [0x85ca55+19495]
	chromedriver!GetHandleVerifier [0x8453ff+1e3f]
	KERNEL32!BaseThreadInitThunk [0x760ffcc9+19]
	ntdll!RtlGetAppContainerNamedObjectPath [0x77e882ae+11e]
	ntdll!RtlGetAppContainerNamedObjectPath [0x77e8827e+ee]


[2026-08-12 12:57:06] Navegador cerrado.
[2026-08-12 16:45:02] Inicio de la automatización.
[2026-08-12 16:45:15] ERROR: Traceback (most recent call last):
  File "C:\Users\Christian Redes\OneDrive - Grupo MV\Escritorio\Reportes WA con Selenium\MSJ AUTO\mensajes.py", line 148, in ejecutar_automatizacion
    driver = crear_driver()
  File "C:\Users\Christian Redes\OneDrive - Grupo MV\Escritorio\Reportes WA con Selenium\MSJ AUTO\mensajes.py", line 60, in crear_driver
    driver = webdriver.Chrome(
        service=Service(ChromeDriverManager().install()), options=opciones
    )
  File "C:\Users\Christian Redes\AppData\Local\Programs\Python\Python313\Lib\site-packages\selenium\webdriver\chrome\webdriver.py", line 45, in __init__
    super().__init__(
    ~~~~~~~~~~~~~~~~^
        browser_name=DesiredCapabilities.CHROME["browserName"],
        ^^^^^^^^^^^^^^^^^^^^^^^^^^^^^^^^^^^^^^^^^^^^^^^^^^^^^^^
    ...<3 lines>...
        keep_alive=keep_alive,
        ^^^^^^^^^^^^^^^^^^^^^^
    )
    ^
  File "C:\Users\Christian Redes\AppData\Local\Programs\Python\Python313\Lib\site-packages\selenium\webdriver\chromium\webdriver.py", line 66, in __init__
    super().__init__(command_executor=executor, options=self.options)
    ~~~~~~~~~~~~~~~~^^^^^^^^^^^^^^^^^^^^^^^^^^^^^^^^^^^^^^^^^^^^^^^^^
  File "C:\Users\Christian Redes\AppData\Local\Programs\Python\Python313\Lib\site-packages\selenium\webdriver\common\webdriver.py", line 25, in __init__
    super().__init__(*args, **kwargs)
    ~~~~~~~~~~~~~~~~^^^^^^^^^^^^^^^^^
  File "C:\Users\Christian Redes\AppData\Local\Programs\Python\Python313\Lib\site-packages\selenium\webdriver\remote\webdriver.py", line 274, in __init__
    self.start_session(capabilities)
    ~~~~~~~~~~~~~~~~~~^^^^^^^^^^^^^^
  File "C:\Users\Christian Redes\AppData\Local\Programs\Python\Python313\Lib\site-packages\selenium\webdriver\remote\webdriver.py", line 370, in start_session
    response = self.execute(Command.NEW_SESSION, caps)["value"]
               ~~~~~~~~~~~~^^^^^^^^^^^^^^^^^^^^^^^^^^^
  File "C:\Users\Christian Redes\AppData\Local\Programs\Python\Python313\Lib\site-packages\selenium\webdriver\remote\webdriver.py", line 450, in execute
    self.error_handler.check_response(response)
    ~~~~~~~~~~~~~~~~~~~~~~~~~~~~~~~~~^^^^^^^^^^
  File "C:\Users\Christian Redes\AppData\Local\Programs\Python\Python313\Lib\site-packages\selenium\webdriver\remote\errorhandler.py", line 232, in check_response
    raise exception_class(message, screen, stacktrace)
selenium.common.exceptions.SessionNotCreatedException: Message: session not created: Chrome failed to start: crashed.
  (session not created: DevToolsActivePort file doesn't exist)
  (The process started from chrome location C:\Program Files\Google\Chrome\Application\chrome.exe is no longer running, so ChromeDriver is assuming that Chrome has crashed.); For documentation on this error, please visit: https://www.selenium.dev/documentation/webdriver/troubleshooting/errors#sessionnotcreatedexception
Stacktrace:
	chromedriver!GetHandleVerifier [0xbd3353+fd93]
	chromedriver!GetHandleVerifier [0xbd3394+fdd4]
	chromedriver!(No symbol) [0x9c9220]
	chromedriver!(No symbol) [0x9ffd30]
	chromedriver!(No symbol) [0x9fad70]
	chromedriver!(No symbol) [0xa418ff]
	chromedriver!(No symbol) [0xa41117]
	chromedriver!(No symbol) [0xa35616]
	chromedriver!(No symbol) [0xa087e9]
	chromedriver!(No symbol) [0xa095b4]
	chromedriver!GetHandleVerifier [0xe6f51a+2abf5a]
	chromedriver!GetHandleVerifier [0xe6aa21+2a7461]
	chromedriver!GetHandleVerifier [0xbff374+3bdb4]
	chromedriver!GetHandleVerifier [0xbee036+2aa76]
	chromedriver!GetHandleVerifier [0xbf4efd+3193d]
	chromedriver!GetHandleVerifier [0xbdc8a8+192e8]
	chromedriver!GetHandleVerifier [0xbdca55+19495]
	chromedriver!GetHandleVerifier [0xbc53ff+1e3f]
	KERNEL32!BaseThreadInitThunk [0x7587fcc9+19]
	ntdll!RtlGetAppContainerNamedObjectPath [0x776582ae+11e]
	ntdll!RtlGetAppContainerNamedObjectPath [0x7765827e+ee]


[2026-08-12 16:45:15] Navegador cerrado.
[2026-08-12 17:00:02] Inicio de la automatización.
[2026-08-12 17:00:07] ERROR: Traceback (most recent call last):
  File "C:\Users\Christian Redes\OneDrive - Grupo MV\Escritorio\Reportes WA con Selenium\MSJ AUTO\mensajes.py", line 148, in ejecutar_automatizacion
    driver = crear_driver()
  File "C:\Users\Christian Redes\OneDrive - Grupo MV\Escritorio\Reportes WA con Selenium\MSJ AUTO\mensajes.py", line 60, in crear_driver
    driver = webdriver.Chrome(
        service=Service(ChromeDriverManager().install()), options=opciones
    )
  File "C:\Users\Christian Redes\AppData\Local\Programs\Python\Python313\Lib\site-packages\selenium\webdriver\chrome\webdriver.py", line 45, in __init__
    super().__init__(
    ~~~~~~~~~~~~~~~~^
        browser_name=DesiredCapabilities.CHROME["browserName"],
        ^^^^^^^^^^^^^^^^^^^^^^^^^^^^^^^^^^^^^^^^^^^^^^^^^^^^^^^
    ...<3 lines>...
        keep_alive=keep_alive,
        ^^^^^^^^^^^^^^^^^^^^^^
    )
    ^
  File "C:\Users\Christian Redes\AppData\Local\Programs\Python\Python313\Lib\site-packages\selenium\webdriver\chromium\webdriver.py", line 66, in __init__
    super().__init__(command_executor=executor, options=self.options)
    ~~~~~~~~~~~~~~~~^^^^^^^^^^^^^^^^^^^^^^^^^^^^^^^^^^^^^^^^^^^^^^^^^
  File "C:\Users\Christian Redes\AppData\Local\Programs\Python\Python313\Lib\site-packages\selenium\webdriver\common\webdriver.py", line 25, in __init__
    super().__init__(*args, **kwargs)
    ~~~~~~~~~~~~~~~~^^^^^^^^^^^^^^^^^
  File "C:\Users\Christian Redes\AppData\Local\Programs\Python\Python313\Lib\site-packages\selenium\webdriver\remote\webdriver.py", line 274, in __init__
    self.start_session(capabilities)
    ~~~~~~~~~~~~~~~~~~^^^^^^^^^^^^^^
  File "C:\Users\Christian Redes\AppData\Local\Programs\Python\Python313\Lib\site-packages\selenium\webdriver\remote\webdriver.py", line 370, in start_session
    response = self.execute(Command.NEW_SESSION, caps)["value"]
               ~~~~~~~~~~~~^^^^^^^^^^^^^^^^^^^^^^^^^^^
  File "C:\Users\Christian Redes\AppData\Local\Programs\Python\Python313\Lib\site-packages\selenium\webdriver\remote\webdriver.py", line 450, in execute
    self.error_handler.check_response(response)
    ~~~~~~~~~~~~~~~~~~~~~~~~~~~~~~~~~^^^^^^^^^^
  File "C:\Users\Christian Redes\AppData\Local\Programs\Python\Python313\Lib\site-packages\selenium\webdriver\remote\errorhandler.py", line 232, in check_response
    raise exception_class(message, screen, stacktrace)
selenium.common.exceptions.SessionNotCreatedException: Message: session not created: Chrome failed to start: crashed.
  (session not created: DevToolsActivePort file doesn't exist)
  (The process started from chrome location C:\Program Files\Google\Chrome\Application\chrome.exe is no longer running, so ChromeDriver is assuming that Chrome has crashed.); For documentation on this error, please visit: https://www.selenium.dev/documentation/webdriver/troubleshooting/errors#sessionnotcreatedexception
Stacktrace:
	chromedriver!GetHandleVerifier [0xbd3353+fd93]
	chromedriver!GetHandleVerifier [0xbd3394+fdd4]
	chromedriver!(No symbol) [0x9c9220]
	chromedriver!(No symbol) [0x9ffd30]
	chromedriver!(No symbol) [0x9fad70]
	chromedriver!(No symbol) [0xa418ff]
	chromedriver!(No symbol) [0xa41117]
	chromedriver!(No symbol) [0xa35616]
	chromedriver!(No symbol) [0xa087e9]
	chromedriver!(No symbol) [0xa095b4]
	chromedriver!GetHandleVerifier [0xe6f51a+2abf5a]
	chromedriver!GetHandleVerifier [0xe6aa21+2a7461]
	chromedriver!GetHandleVerifier [0xbff374+3bdb4]
	chromedriver!GetHandleVerifier [0xbee036+2aa76]
	chromedriver!GetHandleVerifier [0xbf4efd+3193d]
	chromedriver!GetHandleVerifier [0xbdc8a8+192e8]
	chromedriver!GetHandleVerifier [0xbdca55+19495]
	chromedriver!GetHandleVerifier [0xbc53ff+1e3f]
	KERNEL32!BaseThreadInitThunk [0x7587fcc9+19]
	ntdll!RtlGetAppContainerNamedObjectPath [0x776582ae+11e]
	ntdll!RtlGetAppContainerNamedObjectPath [0x7765827e+ee]


[2026-08-12 17:00:07] Navegador cerrado.
[2026-08-13 06:55:02] Inicio de la automatización.
[2026-08-13 06:55:06] ERROR: Traceback (most recent call last):
  File "C:\Users\Christian Redes\OneDrive - Grupo MV\Escritorio\Reportes WA con Selenium\MSJ AUTO\mensajes.py", line 148, in ejecutar_automatizacion
    driver = crear_driver()
  File "C:\Users\Christian Redes\OneDrive - Grupo MV\Escritorio\Reportes WA con Selenium\MSJ AUTO\mensajes.py", line 60, in crear_driver
    driver = webdriver.Chrome(
        service=Service(ChromeDriverManager().install()), options=opciones
    )
  File "C:\Users\Christian Redes\AppData\Local\Programs\Python\Python313\Lib\site-packages\selenium\webdriver\chrome\webdriver.py", line 45, in __init__
    super().__init__(
    ~~~~~~~~~~~~~~~~^
        browser_name=DesiredCapabilities.CHROME["browserName"],
        ^^^^^^^^^^^^^^^^^^^^^^^^^^^^^^^^^^^^^^^^^^^^^^^^^^^^^^^
    ...<3 lines>...
        keep_alive=keep_alive,
        ^^^^^^^^^^^^^^^^^^^^^^
    )
    ^
  File "C:\Users\Christian Redes\AppData\Local\Programs\Python\Python313\Lib\site-packages\selenium\webdriver\chromium\webdriver.py", line 66, in __init__
    super().__init__(command_executor=executor, options=self.options)
    ~~~~~~~~~~~~~~~~^^^^^^^^^^^^^^^^^^^^^^^^^^^^^^^^^^^^^^^^^^^^^^^^^
  File "C:\Users\Christian Redes\AppData\Local\Programs\Python\Python313\Lib\site-packages\selenium\webdriver\common\webdriver.py", line 25, in __init__
    super().__init__(*args, **kwargs)
    ~~~~~~~~~~~~~~~~^^^^^^^^^^^^^^^^^
  File "C:\Users\Christian Redes\AppData\Local\Programs\Python\Python313\Lib\site-packages\selenium\webdriver\remote\webdriver.py", line 274, in __init__
    self.start_session(capabilities)
    ~~~~~~~~~~~~~~~~~~^^^^^^^^^^^^^^
  File "C:\Users\Christian Redes\AppData\Local\Programs\Python\Python313\Lib\site-packages\selenium\webdriver\remote\webdriver.py", line 370, in start_session
    response = self.execute(Command.NEW_SESSION, caps)["value"]
               ~~~~~~~~~~~~^^^^^^^^^^^^^^^^^^^^^^^^^^^
  File "C:\Users\Christian Redes\AppData\Local\Programs\Python\Python313\Lib\site-packages\selenium\webdriver\remote\webdriver.py", line 450, in execute
    self.error_handler.check_response(response)
    ~~~~~~~~~~~~~~~~~~~~~~~~~~~~~~~~~^^^^^^^^^^
  File "C:\Users\Christian Redes\AppData\Local\Programs\Python\Python313\Lib\site-packages\selenium\webdriver\remote\errorhandler.py", line 232, in check_response
    raise exception_class(message, screen, stacktrace)
selenium.common.exceptions.SessionNotCreatedException: Message: session not created: Chrome failed to start: crashed.
  (session not created: DevToolsActivePort file doesn't exist)
  (The process started from chrome location C:\Program Files\Google\Chrome\Application\chrome.exe is no longer running, so ChromeDriver is assuming that Chrome has crashed.); For documentation on this error, please visit: https://www.selenium.dev/documentation/webdriver/troubleshooting/errors#sessionnotcreatedexception
Stacktrace:
	chromedriver!GetHandleVerifier [0xdb3353+fd93]
	chromedriver!GetHandleVerifier [0xdb3394+fdd4]
	chromedriver!(No symbol) [0xba9220]
	chromedriver!(No symbol) [0xbdfd30]
	chromedriver!(No symbol) [0xbdad70]
	chromedriver!(No symbol) [0xc218ff]
	chromedriver!(No symbol) [0xc21117]
	chromedriver!(No symbol) [0xc15616]
	chromedriver!(No symbol) [0xbe87e9]
	chromedriver!(No symbol) [0xbe95b4]
	chromedriver!GetHandleVerifier [0x104f51a+2abf5a]
	chromedriver!GetHandleVerifier [0x104aa21+2a7461]
	chromedriver!GetHandleVerifier [0xddf374+3bdb4]
	chromedriver!GetHandleVerifier [0xdce036+2aa76]
	chromedriver!GetHandleVerifier [0xdd4efd+3193d]
	chromedriver!GetHandleVerifier [0xdbc8a8+192e8]
	chromedriver!GetHandleVerifier [0xdbca55+19495]
	chromedriver!GetHandleVerifier [0xda53ff+1e3f]
	KERNEL32!BaseThreadInitThunk [0x763dfcc9+19]
	ntdll!RtlGetAppContainerNamedObjectPath [0x770082ae+11e]
	ntdll!RtlGetAppContainerNamedObjectPath [0x7700827e+ee]


[2026-08-13 06:55:06] Navegador cerrado.
[2026-08-13 07:07:20] Inicio de la automatización.
[2026-08-13 07:07:27] ERROR: Traceback (most recent call last):
  File "C:\Users\Christian Redes\OneDrive - Grupo MV\Escritorio\Reportes WA con Selenium\MSJ AUTO\mensajes.py", line 148, in ejecutar_automatizacion
    driver = crear_driver()
  File "C:\Users\Christian Redes\OneDrive - Grupo MV\Escritorio\Reportes WA con Selenium\MSJ AUTO\mensajes.py", line 60, in crear_driver
    driver = webdriver.Chrome(
        service=Service(ChromeDriverManager().install()), options=opciones
    )
  File "C:\Users\Christian Redes\AppData\Local\Programs\Python\Python313\Lib\site-packages\selenium\webdriver\chrome\webdriver.py", line 45, in __init__
    super().__init__(
    ~~~~~~~~~~~~~~~~^
        browser_name=DesiredCapabilities.CHROME["browserName"],
        ^^^^^^^^^^^^^^^^^^^^^^^^^^^^^^^^^^^^^^^^^^^^^^^^^^^^^^^
    ...<3 lines>...
        keep_alive=keep_alive,
        ^^^^^^^^^^^^^^^^^^^^^^
    )
    ^
  File "C:\Users\Christian Redes\AppData\Local\Programs\Python\Python313\Lib\site-packages\selenium\webdriver\chromium\webdriver.py", line 66, in __init__
    super().__init__(command_executor=executor, options=self.options)
    ~~~~~~~~~~~~~~~~^^^^^^^^^^^^^^^^^^^^^^^^^^^^^^^^^^^^^^^^^^^^^^^^^
  File "C:\Users\Christian Redes\AppData\Local\Programs\Python\Python313\Lib\site-packages\selenium\webdriver\common\webdriver.py", line 25, in __init__
    super().__init__(*args, **kwargs)
    ~~~~~~~~~~~~~~~~^^^^^^^^^^^^^^^^^
  File "C:\Users\Christian Redes\AppData\Local\Programs\Python\Python313\Lib\site-packages\selenium\webdriver\remote\webdriver.py", line 274, in __init__
    self.start_session(capabilities)
    ~~~~~~~~~~~~~~~~~~^^^^^^^^^^^^^^
  File "C:\Users\Christian Redes\AppData\Local\Programs\Python\Python313\Lib\site-packages\selenium\webdriver\remote\webdriver.py", line 370, in start_session
    response = self.execute(Command.NEW_SESSION, caps)["value"]
               ~~~~~~~~~~~~^^^^^^^^^^^^^^^^^^^^^^^^^^^
  File "C:\Users\Christian Redes\AppData\Local\Programs\Python\Python313\Lib\site-packages\selenium\webdriver\remote\webdriver.py", line 450, in execute
    self.error_handler.check_response(response)
    ~~~~~~~~~~~~~~~~~~~~~~~~~~~~~~~~~^^^^^^^^^^
  File "C:\Users\Christian Redes\AppData\Local\Programs\Python\Python313\Lib\site-packages\selenium\webdriver\remote\errorhandler.py", line 232, in check_response
    raise exception_class(message, screen, stacktrace)
selenium.common.exceptions.SessionNotCreatedException: Message: session not created: Chrome instance exited. Examine ChromeDriver verbose log to determine the cause.; For documentation on this error, please visit: https://www.selenium.dev/documentation/webdriver/troubleshooting/errors#sessionnotcreatedexception
Stacktrace:
	chromedriver!GetHandleVerifier [0xdb3353+fd93]
	chromedriver!GetHandleVerifier [0xdb3394+fdd4]
	chromedriver!(No symbol) [0xba9220]
	chromedriver!(No symbol) [0xbde648]
	chromedriver!(No symbol) [0xbdad70]
	chromedriver!(No symbol) [0xc218ff]
	chromedriver!(No symbol) [0xc21117]
	chromedriver!(No symbol) [0xc15616]
	chromedriver!(No symbol) [0xbe87e9]
	chromedriver!(No symbol) [0xbe95b4]
	chromedriver!GetHandleVerifier [0x104f51a+2abf5a]
	chromedriver!GetHandleVerifier [0x104aa21+2a7461]
	chromedriver!GetHandleVerifier [0xddf374+3bdb4]
	chromedriver!GetHandleVerifier [0xdce036+2aa76]
	chromedriver!GetHandleVerifier [0xdd4efd+3193d]
	chromedriver!GetHandleVerifier [0xdbc8a8+192e8]
	chromedriver!GetHandleVerifier [0xdbca55+19495]
	chromedriver!GetHandleVerifier [0xda53ff+1e3f]
	KERNEL32!BaseThreadInitThunk [0x763dfcc9+19]
	ntdll!RtlGetAppContainerNamedObjectPath [0x770082ae+11e]
	ntdll!RtlGetAppContainerNamedObjectPath [0x7700827e+ee]


[2026-08-13 07:07:27] Navegador cerrado.
[2026-08-13 07:07:46] Inicio de la automatización.
[2026-08-13 07:07:54] ERROR: Traceback (most recent call last):
  File "C:\Users\Christian Redes\OneDrive - Grupo MV\Escritorio\Reportes WA con Selenium\MSJ AUTO\mensajes.py", line 148, in ejecutar_automatizacion
    driver = crear_driver()
  File "C:\Users\Christian Redes\OneDrive - Grupo MV\Escritorio\Reportes WA con Selenium\MSJ AUTO\mensajes.py", line 60, in crear_driver
    driver = webdriver.Chrome(
        service=Service(ChromeDriverManager().install()), options=opciones
    )
  File "C:\Users\Christian Redes\AppData\Local\Programs\Python\Python313\Lib\site-packages\selenium\webdriver\chrome\webdriver.py", line 45, in __init__
    super().__init__(
    ~~~~~~~~~~~~~~~~^
        browser_name=DesiredCapabilities.CHROME["browserName"],
        ^^^^^^^^^^^^^^^^^^^^^^^^^^^^^^^^^^^^^^^^^^^^^^^^^^^^^^^
    ...<3 lines>...
        keep_alive=keep_alive,
        ^^^^^^^^^^^^^^^^^^^^^^
    )
    ^
  File "C:\Users\Christian Redes\AppData\Local\Programs\Python\Python313\Lib\site-packages\selenium\webdriver\chromium\webdriver.py", line 66, in __init__
    super().__init__(command_executor=executor, options=self.options)
    ~~~~~~~~~~~~~~~~^^^^^^^^^^^^^^^^^^^^^^^^^^^^^^^^^^^^^^^^^^^^^^^^^
  File "C:\Users\Christian Redes\AppData\Local\Programs\Python\Python313\Lib\site-packages\selenium\webdriver\common\webdriver.py", line 25, in __init__
    super().__init__(*args, **kwargs)
    ~~~~~~~~~~~~~~~~^^^^^^^^^^^^^^^^^
  File "C:\Users\Christian Redes\AppData\Local\Programs\Python\Python313\Lib\site-packages\selenium\webdriver\remote\webdriver.py", line 274, in __init__
    self.start_session(capabilities)
    ~~~~~~~~~~~~~~~~~~^^^^^^^^^^^^^^
  File "C:\Users\Christian Redes\AppData\Local\Programs\Python\Python313\Lib\site-packages\selenium\webdriver\remote\webdriver.py", line 370, in start_session
    response = self.execute(Command.NEW_SESSION, caps)["value"]
               ~~~~~~~~~~~~^^^^^^^^^^^^^^^^^^^^^^^^^^^
  File "C:\Users\Christian Redes\AppData\Local\Programs\Python\Python313\Lib\site-packages\selenium\webdriver\remote\webdriver.py", line 450, in execute
    self.error_handler.check_response(response)
    ~~~~~~~~~~~~~~~~~~~~~~~~~~~~~~~~~^^^^^^^^^^
  File "C:\Users\Christian Redes\AppData\Local\Programs\Python\Python313\Lib\site-packages\selenium\webdriver\remote\errorhandler.py", line 232, in check_response
    raise exception_class(message, screen, stacktrace)
selenium.common.exceptions.SessionNotCreatedException: Message: session not created: Chrome instance exited. Examine ChromeDriver verbose log to determine the cause.; For documentation on this error, please visit: https://www.selenium.dev/documentation/webdriver/troubleshooting/errors#sessionnotcreatedexception
Stacktrace:
	chromedriver!GetHandleVerifier [0xdb3353+fd93]
	chromedriver!GetHandleVerifier [0xdb3394+fdd4]
	chromedriver!(No symbol) [0xba9220]
	chromedriver!(No symbol) [0xbde648]
	chromedriver!(No symbol) [0xbdad70]
	chromedriver!(No symbol) [0xc218ff]
	chromedriver!(No symbol) [0xc21117]
	chromedriver!(No symbol) [0xc15616]
	chromedriver!(No symbol) [0xbe87e9]
	chromedriver!(No symbol) [0xbe95b4]
	chromedriver!GetHandleVerifier [0x104f51a+2abf5a]
	chromedriver!GetHandleVerifier [0x104aa21+2a7461]
	chromedriver!GetHandleVerifier [0xddf374+3bdb4]
	chromedriver!GetHandleVerifier [0xdce036+2aa76]
	chromedriver!GetHandleVerifier [0xdd4efd+3193d]
	chromedriver!GetHandleVerifier [0xdbc8a8+192e8]
	chromedriver!GetHandleVerifier [0xdbca55+19495]
	chromedriver!GetHandleVerifier [0xda53ff+1e3f]
	KERNEL32!BaseThreadInitThunk [0x763dfcc9+19]
	ntdll!RtlGetAppContainerNamedObjectPath [0x770082ae+11e]
	ntdll!RtlGetAppContainerNamedObjectPath [0x7700827e+ee]


[2026-08-13 07:07:54] Navegador cerrado.
[2026-08-13 07:08:15] Inicio de la automatización.
[2026-08-13 07:08:19] ERROR: Traceback (most recent call last):
  File "C:\Users\Christian Redes\OneDrive - Grupo MV\Escritorio\Reportes WA con Selenium\MSJ AUTO\mensajes.py", line 148, in ejecutar_automatizacion
    driver = crear_driver()
  File "C:\Users\Christian Redes\OneDrive - Grupo MV\Escritorio\Reportes WA con Selenium\MSJ AUTO\mensajes.py", line 60, in crear_driver
    driver = webdriver.Chrome(
        service=Service(ChromeDriverManager().install()), options=opciones
    )
  File "C:\Users\Christian Redes\AppData\Local\Programs\Python\Python313\Lib\site-packages\selenium\webdriver\chrome\webdriver.py", line 45, in __init__
    super().__init__(
    ~~~~~~~~~~~~~~~~^
        browser_name=DesiredCapabilities.CHROME["browserName"],
        ^^^^^^^^^^^^^^^^^^^^^^^^^^^^^^^^^^^^^^^^^^^^^^^^^^^^^^^
    ...<3 lines>...
        keep_alive=keep_alive,
        ^^^^^^^^^^^^^^^^^^^^^^
    )
    ^
  File "C:\Users\Christian Redes\AppData\Local\Programs\Python\Python313\Lib\site-packages\selenium\webdriver\chromium\webdriver.py", line 66, in __init__
    super().__init__(command_executor=executor, options=self.options)
    ~~~~~~~~~~~~~~~~^^^^^^^^^^^^^^^^^^^^^^^^^^^^^^^^^^^^^^^^^^^^^^^^^
  File "C:\Users\Christian Redes\AppData\Local\Programs\Python\Python313\Lib\site-packages\selenium\webdriver\common\webdriver.py", line 25, in __init__
    super().__init__(*args, **kwargs)
    ~~~~~~~~~~~~~~~~^^^^^^^^^^^^^^^^^
  File "C:\Users\Christian Redes\AppData\Local\Programs\Python\Python313\Lib\site-packages\selenium\webdriver\remote\webdriver.py", line 274, in __init__
    self.start_session(capabilities)
    ~~~~~~~~~~~~~~~~~~^^^^^^^^^^^^^^
  File "C:\Users\Christian Redes\AppData\Local\Programs\Python\Python313\Lib\site-packages\selenium\webdriver\remote\webdriver.py", line 370, in start_session
    response = self.execute(Command.NEW_SESSION, caps)["value"]
               ~~~~~~~~~~~~^^^^^^^^^^^^^^^^^^^^^^^^^^^
  File "C:\Users\Christian Redes\AppData\Local\Programs\Python\Python313\Lib\site-packages\selenium\webdriver\remote\webdriver.py", line 450, in execute
    self.error_handler.check_response(response)
    ~~~~~~~~~~~~~~~~~~~~~~~~~~~~~~~~~^^^^^^^^^^
  File "C:\Users\Christian Redes\AppData\Local\Programs\Python\Python313\Lib\site-packages\selenium\webdriver\remote\errorhandler.py", line 232, in check_response
    raise exception_class(message, screen, stacktrace)
selenium.common.exceptions.SessionNotCreatedException: Message: session not created: Chrome instance exited. Examine ChromeDriver verbose log to determine the cause.; For documentation on this error, please visit: https://www.selenium.dev/documentation/webdriver/troubleshooting/errors#sessionnotcreatedexception
Stacktrace:
	chromedriver!GetHandleVerifier [0xdb3353+fd93]
	chromedriver!GetHandleVerifier [0xdb3394+fdd4]
	chromedriver!(No symbol) [0xba9220]
	chromedriver!(No symbol) [0xbde648]
	chromedriver!(No symbol) [0xbdad70]
	chromedriver!(No symbol) [0xc218ff]
	chromedriver!(No symbol) [0xc21117]
	chromedriver!(No symbol) [0xc15616]
	chromedriver!(No symbol) [0xbe87e9]
	chromedriver!(No symbol) [0xbe95b4]
	chromedriver!GetHandleVerifier [0x104f51a+2abf5a]
	chromedriver!GetHandleVerifier [0x104aa21+2a7461]
	chromedriver!GetHandleVerifier [0xddf374+3bdb4]
	chromedriver!GetHandleVerifier [0xdce036+2aa76]
	chromedriver!GetHandleVerifier [0xdd4efd+3193d]
	chromedriver!GetHandleVerifier [0xdbc8a8+192e8]
	chromedriver!GetHandleVerifier [0xdbca55+19495]
	chromedriver!GetHandleVerifier [0xda53ff+1e3f]
	KERNEL32!BaseThreadInitThunk [0x763dfcc9+19]
	ntdll!RtlGetAppContainerNamedObjectPath [0x770082ae+11e]
	ntdll!RtlGetAppContainerNamedObjectPath [0x7700827e+ee]


[2026-08-13 07:08:19] Navegador cerrado.
[2026-08-13 07:09:32] Inicio de la automatización.
[2026-08-13 07:09:55] Inicio de la automatización.
[2026-08-13 07:10:00] ERROR: Traceback (most recent call last):
  File "C:\Users\Christian Redes\OneDrive - Grupo MV\Escritorio\Reportes WA con Selenium\MSJ AUTO\mensajes.py", line 148, in ejecutar_automatizacion
    driver = crear_driver()
  File "C:\Users\Christian Redes\OneDrive - Grupo MV\Escritorio\Reportes WA con Selenium\MSJ AUTO\mensajes.py", line 60, in crear_driver
    driver = webdriver.Chrome(
        service=Service(ChromeDriverManager().install()), options=opciones
    )
  File "C:\Users\Christian Redes\AppData\Local\Programs\Python\Python313\Lib\site-packages\selenium\webdriver\chrome\webdriver.py", line 45, in __init__
    super().__init__(
    ~~~~~~~~~~~~~~~~^
        browser_name=DesiredCapabilities.CHROME["browserName"],
        ^^^^^^^^^^^^^^^^^^^^^^^^^^^^^^^^^^^^^^^^^^^^^^^^^^^^^^^
    ...<3 lines>...
        keep_alive=keep_alive,
        ^^^^^^^^^^^^^^^^^^^^^^
    )
    ^
  File "C:\Users\Christian Redes\AppData\Local\Programs\Python\Python313\Lib\site-packages\selenium\webdriver\chromium\webdriver.py", line 66, in __init__
    super().__init__(command_executor=executor, options=self.options)
    ~~~~~~~~~~~~~~~~^^^^^^^^^^^^^^^^^^^^^^^^^^^^^^^^^^^^^^^^^^^^^^^^^
  File "C:\Users\Christian Redes\AppData\Local\Programs\Python\Python313\Lib\site-packages\selenium\webdriver\common\webdriver.py", line 25, in __init__
    super().__init__(*args, **kwargs)
    ~~~~~~~~~~~~~~~~^^^^^^^^^^^^^^^^^
  File "C:\Users\Christian Redes\AppData\Local\Programs\Python\Python313\Lib\site-packages\selenium\webdriver\remote\webdriver.py", line 274, in __init__
    self.start_session(capabilities)
    ~~~~~~~~~~~~~~~~~~^^^^^^^^^^^^^^
  File "C:\Users\Christian Redes\AppData\Local\Programs\Python\Python313\Lib\site-packages\selenium\webdriver\remote\webdriver.py", line 370, in start_session
    response = self.execute(Command.NEW_SESSION, caps)["value"]
               ~~~~~~~~~~~~^^^^^^^^^^^^^^^^^^^^^^^^^^^
  File "C:\Users\Christian Redes\AppData\Local\Programs\Python\Python313\Lib\site-packages\selenium\webdriver\remote\webdriver.py", line 450, in execute
    self.error_handler.check_response(response)
    ~~~~~~~~~~~~~~~~~~~~~~~~~~~~~~~~~^^^^^^^^^^
  File "C:\Users\Christian Redes\AppData\Local\Programs\Python\Python313\Lib\site-packages\selenium\webdriver\remote\errorhandler.py", line 232, in check_response
    raise exception_class(message, screen, stacktrace)
selenium.common.exceptions.SessionNotCreatedException: Message: session not created: Chrome instance exited. Examine ChromeDriver verbose log to determine the cause.; For documentation on this error, please visit: https://www.selenium.dev/documentation/webdriver/troubleshooting/errors#sessionnotcreatedexception
Stacktrace:
	chromedriver!GetHandleVerifier [0xdb3353+fd93]
	chromedriver!GetHandleVerifier [0xdb3394+fdd4]
	chromedriver!(No symbol) [0xba9220]
	chromedriver!(No symbol) [0xbde648]
	chromedriver!(No symbol) [0xbdad70]
	chromedriver!(No symbol) [0xc218ff]
	chromedriver!(No symbol) [0xc21117]
	chromedriver!(No symbol) [0xc15616]
	chromedriver!(No symbol) [0xbe87e9]
	chromedriver!(No symbol) [0xbe95b4]
	chromedriver!GetHandleVerifier [0x104f51a+2abf5a]
	chromedriver!GetHandleVerifier [0x104aa21+2a7461]
	chromedriver!GetHandleVerifier [0xddf374+3bdb4]
	chromedriver!GetHandleVerifier [0xdce036+2aa76]
	chromedriver!GetHandleVerifier [0xdd4efd+3193d]
	chromedriver!GetHandleVerifier [0xdbc8a8+192e8]
	chromedriver!GetHandleVerifier [0xdbca55+19495]
	chromedriver!GetHandleVerifier [0xda53ff+1e3f]
	KERNEL32!BaseThreadInitThunk [0x763dfcc9+19]
	ntdll!RtlGetAppContainerNamedObjectPath [0x770082ae+11e]
	ntdll!RtlGetAppContainerNamedObjectPath [0x7700827e+ee]


[2026-08-13 07:10:00] Navegador cerrado.
[2026-08-13 07:10:01] ERROR: Traceback (most recent call last):
  File "C:\Users\Christian Redes\OneDrive - Grupo MV\Escritorio\Reportes WA con Selenium\MSJ AUTO\mensajes.py", line 148, in ejecutar_automatizacion
    driver = crear_driver()
  File "C:\Users\Christian Redes\OneDrive - Grupo MV\Escritorio\Reportes WA con Selenium\MSJ AUTO\mensajes.py", line 60, in crear_driver
    driver = webdriver.Chrome(
        service=Service(ChromeDriverManager().install()), options=opciones
    )
  File "C:\Users\Christian Redes\AppData\Local\Programs\Python\Python313\Lib\site-packages\selenium\webdriver\chrome\webdriver.py", line 45, in __init__
    super().__init__(
    ~~~~~~~~~~~~~~~~^
        browser_name=DesiredCapabilities.CHROME["browserName"],
        ^^^^^^^^^^^^^^^^^^^^^^^^^^^^^^^^^^^^^^^^^^^^^^^^^^^^^^^
    ...<3 lines>...
        keep_alive=keep_alive,
        ^^^^^^^^^^^^^^^^^^^^^^
    )
    ^
  File "C:\Users\Christian Redes\AppData\Local\Programs\Python\Python313\Lib\site-packages\selenium\webdriver\chromium\webdriver.py", line 66, in __init__
    super().__init__(command_executor=executor, options=self.options)
    ~~~~~~~~~~~~~~~~^^^^^^^^^^^^^^^^^^^^^^^^^^^^^^^^^^^^^^^^^^^^^^^^^
  File "C:\Users\Christian Redes\AppData\Local\Programs\Python\Python313\Lib\site-packages\selenium\webdriver\common\webdriver.py", line 25, in __init__
    super().__init__(*args, **kwargs)
    ~~~~~~~~~~~~~~~~^^^^^^^^^^^^^^^^^
  File "C:\Users\Christian Redes\AppData\Local\Programs\Python\Python313\Lib\site-packages\selenium\webdriver\remote\webdriver.py", line 274, in __init__
    self.start_session(capabilities)
    ~~~~~~~~~~~~~~~~~~^^^^^^^^^^^^^^
  File "C:\Users\Christian Redes\AppData\Local\Programs\Python\Python313\Lib\site-packages\selenium\webdriver\remote\webdriver.py", line 370, in start_session
    response = self.execute(Command.NEW_SESSION, caps)["value"]
               ~~~~~~~~~~~~^^^^^^^^^^^^^^^^^^^^^^^^^^^
  File "C:\Users\Christian Redes\AppData\Local\Programs\Python\Python313\Lib\site-packages\selenium\webdriver\remote\webdriver.py", line 450, in execute
    self.error_handler.check_response(response)
    ~~~~~~~~~~~~~~~~~~~~~~~~~~~~~~~~~^^^^^^^^^^
  File "C:\Users\Christian Redes\AppData\Local\Programs\Python\Python313\Lib\site-packages\selenium\webdriver\remote\errorhandler.py", line 232, in check_response
    raise exception_class(message, screen, stacktrace)
selenium.common.exceptions.SessionNotCreatedException: Message: session not created: Chrome instance exited. Examine ChromeDriver verbose log to determine the cause.; For documentation on this error, please visit: https://www.selenium.dev/documentation/webdriver/troubleshooting/errors#sessionnotcreatedexception
Stacktrace:
	chromedriver!GetHandleVerifier [0xdb3353+fd93]
	chromedriver!GetHandleVerifier [0xdb3394+fdd4]
	chromedriver!(No symbol) [0xba9220]
	chromedriver!(No symbol) [0xbde648]
	chromedriver!(No symbol) [0xbdad70]
	chromedriver!(No symbol) [0xc218ff]
	chromedriver!(No symbol) [0xc21117]
	chromedriver!(No symbol) [0xc15616]
	chromedriver!(No symbol) [0xbe87e9]
	chromedriver!(No symbol) [0xbe95b4]
	chromedriver!GetHandleVerifier [0x104f51a+2abf5a]
	chromedriver!GetHandleVerifier [0x104aa21+2a7461]
	chromedriver!GetHandleVerifier [0xddf374+3bdb4]
	chromedriver!GetHandleVerifier [0xdce036+2aa76]
	chromedriver!GetHandleVerifier [0xdd4efd+3193d]
	chromedriver!GetHandleVerifier [0xdbc8a8+192e8]
	chromedriver!GetHandleVerifier [0xdbca55+19495]
	chromedriver!GetHandleVerifier [0xda53ff+1e3f]
	KERNEL32!BaseThreadInitThunk [0x763dfcc9+19]
	ntdll!RtlGetAppContainerNamedObjectPath [0x770082ae+11e]
	ntdll!RtlGetAppContainerNamedObjectPath [0x7700827e+ee]


[2026-08-13 07:10:01] Navegador cerrado.
[2026-08-13 07:10:02] Inicio de la automatización.
[2026-08-13 07:10:07] ERROR: Traceback (most recent call last):
  File "C:\Users\Christian Redes\OneDrive - Grupo MV\Escritorio\Reportes WA con Selenium\MSJ AUTO\mensajes.py", line 148, in ejecutar_automatizacion
    driver = crear_driver()
  File "C:\Users\Christian Redes\OneDrive - Grupo MV\Escritorio\Reportes WA con Selenium\MSJ AUTO\mensajes.py", line 60, in crear_driver
    driver = webdriver.Chrome(
        service=Service(ChromeDriverManager().install()), options=opciones
    )
  File "C:\Users\Christian Redes\AppData\Local\Programs\Python\Python313\Lib\site-packages\selenium\webdriver\chrome\webdriver.py", line 45, in __init__
    super().__init__(
    ~~~~~~~~~~~~~~~~^
        browser_name=DesiredCapabilities.CHROME["browserName"],
        ^^^^^^^^^^^^^^^^^^^^^^^^^^^^^^^^^^^^^^^^^^^^^^^^^^^^^^^
    ...<3 lines>...
        keep_alive=keep_alive,
        ^^^^^^^^^^^^^^^^^^^^^^
    )
    ^
  File "C:\Users\Christian Redes\AppData\Local\Programs\Python\Python313\Lib\site-packages\selenium\webdriver\chromium\webdriver.py", line 66, in __init__
    super().__init__(command_executor=executor, options=self.options)
    ~~~~~~~~~~~~~~~~^^^^^^^^^^^^^^^^^^^^^^^^^^^^^^^^^^^^^^^^^^^^^^^^^
  File "C:\Users\Christian Redes\AppData\Local\Programs\Python\Python313\Lib\site-packages\selenium\webdriver\common\webdriver.py", line 25, in __init__
    super().__init__(*args, **kwargs)
    ~~~~~~~~~~~~~~~~^^^^^^^^^^^^^^^^^
  File "C:\Users\Christian Redes\AppData\Local\Programs\Python\Python313\Lib\site-packages\selenium\webdriver\remote\webdriver.py", line 274, in __init__
    self.start_session(capabilities)
    ~~~~~~~~~~~~~~~~~~^^^^^^^^^^^^^^
  File "C:\Users\Christian Redes\AppData\Local\Programs\Python\Python313\Lib\site-packages\selenium\webdriver\remote\webdriver.py", line 370, in start_session
    response = self.execute(Command.NEW_SESSION, caps)["value"]
               ~~~~~~~~~~~~^^^^^^^^^^^^^^^^^^^^^^^^^^^
  File "C:\Users\Christian Redes\AppData\Local\Programs\Python\Python313\Lib\site-packages\selenium\webdriver\remote\webdriver.py", line 450, in execute
    self.error_handler.check_response(response)
    ~~~~~~~~~~~~~~~~~~~~~~~~~~~~~~~~~^^^^^^^^^^
  File "C:\Users\Christian Redes\AppData\Local\Programs\Python\Python313\Lib\site-packages\selenium\webdriver\remote\errorhandler.py", line 232, in check_response
    raise exception_class(message, screen, stacktrace)
selenium.common.exceptions.SessionNotCreatedException: Message: session not created: Chrome failed to start: crashed.
  (session not created: DevToolsActivePort file doesn't exist)
  (The process started from chrome location C:\Program Files\Google\Chrome\Application\chrome.exe is no longer running, so ChromeDriver is assuming that Chrome has crashed.); For documentation on this error, please visit: https://www.selenium.dev/documentation/webdriver/troubleshooting/errors#sessionnotcreatedexception
Stacktrace:
	chromedriver!GetHandleVerifier [0xdb3353+fd93]
	chromedriver!GetHandleVerifier [0xdb3394+fdd4]
	chromedriver!(No symbol) [0xba9220]
	chromedriver!(No symbol) [0xbdfd30]
	chromedriver!(No symbol) [0xbdad70]
	chromedriver!(No symbol) [0xc218ff]
	chromedriver!(No symbol) [0xc21117]
	chromedriver!(No symbol) [0xc15616]
	chromedriver!(No symbol) [0xbe87e9]
	chromedriver!(No symbol) [0xbe95b4]
	chromedriver!GetHandleVerifier [0x104f51a+2abf5a]
	chromedriver!GetHandleVerifier [0x104aa21+2a7461]
	chromedriver!GetHandleVerifier [0xddf374+3bdb4]
	chromedriver!GetHandleVerifier [0xdce036+2aa76]
	chromedriver!GetHandleVerifier [0xdd4efd+3193d]
	chromedriver!GetHandleVerifier [0xdbc8a8+192e8]
	chromedriver!GetHandleVerifier [0xdbca55+19495]
	chromedriver!GetHandleVerifier [0xda53ff+1e3f]
	KERNEL32!BaseThreadInitThunk [0x763dfcc9+19]
	ntdll!RtlGetAppContainerNamedObjectPath [0x770082ae+11e]
	ntdll!RtlGetAppContainerNamedObjectPath [0x7700827e+ee]


[2026-08-13 07:10:07] Navegador cerrado.
[2026-08-13 07:49:30] Inicio de la automatización.
[2026-08-13 07:49:56] Inicio de la automatización.
[2026-08-13 07:50:04] ERROR: Traceback (most recent call last):
  File "C:\Users\Christian Redes\OneDrive - Grupo MV\Escritorio\Reportes WA con Selenium\MSJ AUTO\mensajes.py", line 148, in ejecutar_automatizacion
    driver = crear_driver()
  File "C:\Users\Christian Redes\OneDrive - Grupo MV\Escritorio\Reportes WA con Selenium\MSJ AUTO\mensajes.py", line 60, in crear_driver
    driver = webdriver.Chrome(
        service=Service(ChromeDriverManager().install()), options=opciones
    )
  File "C:\Users\Christian Redes\AppData\Local\Programs\Python\Python313\Lib\site-packages\selenium\webdriver\chrome\webdriver.py", line 45, in __init__
    super().__init__(
    ~~~~~~~~~~~~~~~~^
        browser_name=DesiredCapabilities.CHROME["browserName"],
        ^^^^^^^^^^^^^^^^^^^^^^^^^^^^^^^^^^^^^^^^^^^^^^^^^^^^^^^
    ...<3 lines>...
        keep_alive=keep_alive,
        ^^^^^^^^^^^^^^^^^^^^^^
    )
    ^
  File "C:\Users\Christian Redes\AppData\Local\Programs\Python\Python313\Lib\site-packages\selenium\webdriver\chromium\webdriver.py", line 66, in __init__
    super().__init__(command_executor=executor, options=self.options)
    ~~~~~~~~~~~~~~~~^^^^^^^^^^^^^^^^^^^^^^^^^^^^^^^^^^^^^^^^^^^^^^^^^
  File "C:\Users\Christian Redes\AppData\Local\Programs\Python\Python313\Lib\site-packages\selenium\webdriver\common\webdriver.py", line 25, in __init__
    super().__init__(*args, **kwargs)
    ~~~~~~~~~~~~~~~~^^^^^^^^^^^^^^^^^
  File "C:\Users\Christian Redes\AppData\Local\Programs\Python\Python313\Lib\site-packages\selenium\webdriver\remote\webdriver.py", line 274, in __init__
    self.start_session(capabilities)
    ~~~~~~~~~~~~~~~~~~^^^^^^^^^^^^^^
  File "C:\Users\Christian Redes\AppData\Local\Programs\Python\Python313\Lib\site-packages\selenium\webdriver\remote\webdriver.py", line 370, in start_session
    response = self.execute(Command.NEW_SESSION, caps)["value"]
               ~~~~~~~~~~~~^^^^^^^^^^^^^^^^^^^^^^^^^^^
  File "C:\Users\Christian Redes\AppData\Local\Programs\Python\Python313\Lib\site-packages\selenium\webdriver\remote\webdriver.py", line 450, in execute
    self.error_handler.check_response(response)
    ~~~~~~~~~~~~~~~~~~~~~~~~~~~~~~~~~^^^^^^^^^^
  File "C:\Users\Christian Redes\AppData\Local\Programs\Python\Python313\Lib\site-packages\selenium\webdriver\remote\errorhandler.py", line 232, in check_response
    raise exception_class(message, screen, stacktrace)
selenium.common.exceptions.SessionNotCreatedException: Message: session not created: Chrome instance exited. Examine ChromeDriver verbose log to determine the cause.; For documentation on this error, please visit: https://www.selenium.dev/documentation/webdriver/troubleshooting/errors#sessionnotcreatedexception
Stacktrace:
	chromedriver!GetHandleVerifier [0xdb3353+fd93]
	chromedriver!GetHandleVerifier [0xdb3394+fdd4]
	chromedriver!(No symbol) [0xba9220]
	chromedriver!(No symbol) [0xbde648]
	chromedriver!(No symbol) [0xbdad70]
	chromedriver!(No symbol) [0xc218ff]
	chromedriver!(No symbol) [0xc21117]
	chromedriver!(No symbol) [0xc15616]
	chromedriver!(No symbol) [0xbe87e9]
	chromedriver!(No symbol) [0xbe95b4]
	chromedriver!GetHandleVerifier [0x104f51a+2abf5a]
	chromedriver!GetHandleVerifier [0x104aa21+2a7461]
	chromedriver!GetHandleVerifier [0xddf374+3bdb4]
	chromedriver!GetHandleVerifier [0xdce036+2aa76]
	chromedriver!GetHandleVerifier [0xdd4efd+3193d]
	chromedriver!GetHandleVerifier [0xdbc8a8+192e8]
	chromedriver!GetHandleVerifier [0xdbca55+19495]
	chromedriver!GetHandleVerifier [0xda53ff+1e3f]
	KERNEL32!BaseThreadInitThunk [0x763dfcc9+19]
	ntdll!RtlGetAppContainerNamedObjectPath [0x770082ae+11e]
	ntdll!RtlGetAppContainerNamedObjectPath [0x7700827e+ee]


[2026-08-13 07:50:04] Navegador cerrado.
[2026-08-13 07:50:56] ERROR: Traceback (most recent call last):
  File "C:\Users\Christian Redes\OneDrive - Grupo MV\Escritorio\Reportes WA con Selenium\MSJ AUTO\mensajes.py", line 148, in ejecutar_automatizacion
    driver = crear_driver()
  File "C:\Users\Christian Redes\OneDrive - Grupo MV\Escritorio\Reportes WA con Selenium\MSJ AUTO\mensajes.py", line 60, in crear_driver
    driver = webdriver.Chrome(
        service=Service(ChromeDriverManager().install()), options=opciones
    )
  File "C:\Users\Christian Redes\AppData\Local\Programs\Python\Python313\Lib\site-packages\selenium\webdriver\chrome\webdriver.py", line 45, in __init__
    super().__init__(
    ~~~~~~~~~~~~~~~~^
        browser_name=DesiredCapabilities.CHROME["browserName"],
        ^^^^^^^^^^^^^^^^^^^^^^^^^^^^^^^^^^^^^^^^^^^^^^^^^^^^^^^
    ...<3 lines>...
        keep_alive=keep_alive,
        ^^^^^^^^^^^^^^^^^^^^^^
    )
    ^
  File "C:\Users\Christian Redes\AppData\Local\Programs\Python\Python313\Lib\site-packages\selenium\webdriver\chromium\webdriver.py", line 66, in __init__
    super().__init__(command_executor=executor, options=self.options)
    ~~~~~~~~~~~~~~~~^^^^^^^^^^^^^^^^^^^^^^^^^^^^^^^^^^^^^^^^^^^^^^^^^
  File "C:\Users\Christian Redes\AppData\Local\Programs\Python\Python313\Lib\site-packages\selenium\webdriver\common\webdriver.py", line 25, in __init__
    super().__init__(*args, **kwargs)
    ~~~~~~~~~~~~~~~~^^^^^^^^^^^^^^^^^
  File "C:\Users\Christian Redes\AppData\Local\Programs\Python\Python313\Lib\site-packages\selenium\webdriver\remote\webdriver.py", line 274, in __init__
    self.start_session(capabilities)
    ~~~~~~~~~~~~~~~~~~^^^^^^^^^^^^^^
  File "C:\Users\Christian Redes\AppData\Local\Programs\Python\Python313\Lib\site-packages\selenium\webdriver\remote\webdriver.py", line 370, in start_session
    response = self.execute(Command.NEW_SESSION, caps)["value"]
               ~~~~~~~~~~~~^^^^^^^^^^^^^^^^^^^^^^^^^^^
  File "C:\Users\Christian Redes\AppData\Local\Programs\Python\Python313\Lib\site-packages\selenium\webdriver\remote\webdriver.py", line 450, in execute
    self.error_handler.check_response(response)
    ~~~~~~~~~~~~~~~~~~~~~~~~~~~~~~~~~^^^^^^^^^^
  File "C:\Users\Christian Redes\AppData\Local\Programs\Python\Python313\Lib\site-packages\selenium\webdriver\remote\errorhandler.py", line 232, in check_response
    raise exception_class(message, screen, stacktrace)
selenium.common.exceptions.SessionNotCreatedException: Message: session not created: DevToolsActivePort file doesn't exist; For documentation on this error, please visit: https://www.selenium.dev/documentation/webdriver/troubleshooting/errors#sessionnotcreatedexception
Stacktrace:
	chromedriver!GetHandleVerifier [0xdb3353+fd93]
	chromedriver!GetHandleVerifier [0xdb3394+fdd4]
	chromedriver!(No symbol) [0xba9220]
	chromedriver!(No symbol) [0xbe4178]
	chromedriver!(No symbol) [0xbe023c]
	chromedriver!(No symbol) [0xbdad70]
	chromedriver!(No symbol) [0xc218ff]
	chromedriver!(No symbol) [0xc21117]
	chromedriver!(No symbol) [0xc15616]
	chromedriver!(No symbol) [0xbe87e9]
	chromedriver!(No symbol) [0xbe95b4]
	chromedriver!GetHandleVerifier [0x104f51a+2abf5a]
	chromedriver!GetHandleVerifier [0x104aa21+2a7461]
	chromedriver!GetHandleVerifier [0xddf374+3bdb4]
	chromedriver!GetHandleVerifier [0xdce036+2aa76]
	chromedriver!GetHandleVerifier [0xdd4efd+3193d]
	chromedriver!GetHandleVerifier [0xdbc8a8+192e8]
	chromedriver!GetHandleVerifier [0xdbca55+19495]
	chromedriver!GetHandleVerifier [0xda53ff+1e3f]
	KERNEL32!BaseThreadInitThunk [0x763dfcc9+19]
	ntdll!RtlGetAppContainerNamedObjectPath [0x770082ae+11e]
	ntdll!RtlGetAppContainerNamedObjectPath [0x7700827e+ee]


[2026-08-13 07:50:56] Navegador cerrado.
[2026-08-13 07:51:06] Inicio de la automatización.
[2026-08-13 07:52:09] ERROR: Traceback (most recent call last):
  File "C:\Users\Christian Redes\OneDrive - Grupo MV\Escritorio\Reportes WA con Selenium\MSJ AUTO\mensajes.py", line 148, in ejecutar_automatizacion
    driver = crear_driver()
  File "C:\Users\Christian Redes\OneDrive - Grupo MV\Escritorio\Reportes WA con Selenium\MSJ AUTO\mensajes.py", line 60, in crear_driver
    driver = webdriver.Chrome(
        service=Service(ChromeDriverManager().install()), options=opciones
    )
  File "C:\Users\Christian Redes\AppData\Local\Programs\Python\Python313\Lib\site-packages\selenium\webdriver\chrome\webdriver.py", line 45, in __init__
    super().__init__(
    ~~~~~~~~~~~~~~~~^
        browser_name=DesiredCapabilities.CHROME["browserName"],
        ^^^^^^^^^^^^^^^^^^^^^^^^^^^^^^^^^^^^^^^^^^^^^^^^^^^^^^^
    ...<3 lines>...
        keep_alive=keep_alive,
        ^^^^^^^^^^^^^^^^^^^^^^
    )
    ^
  File "C:\Users\Christian Redes\AppData\Local\Programs\Python\Python313\Lib\site-packages\selenium\webdriver\chromium\webdriver.py", line 66, in __init__
    super().__init__(command_executor=executor, options=self.options)
    ~~~~~~~~~~~~~~~~^^^^^^^^^^^^^^^^^^^^^^^^^^^^^^^^^^^^^^^^^^^^^^^^^
  File "C:\Users\Christian Redes\AppData\Local\Programs\Python\Python313\Lib\site-packages\selenium\webdriver\common\webdriver.py", line 25, in __init__
    super().__init__(*args, **kwargs)
    ~~~~~~~~~~~~~~~~^^^^^^^^^^^^^^^^^
  File "C:\Users\Christian Redes\AppData\Local\Programs\Python\Python313\Lib\site-packages\selenium\webdriver\remote\webdriver.py", line 274, in __init__
    self.start_session(capabilities)
    ~~~~~~~~~~~~~~~~~~^^^^^^^^^^^^^^
  File "C:\Users\Christian Redes\AppData\Local\Programs\Python\Python313\Lib\site-packages\selenium\webdriver\remote\webdriver.py", line 370, in start_session
    response = self.execute(Command.NEW_SESSION, caps)["value"]
               ~~~~~~~~~~~~^^^^^^^^^^^^^^^^^^^^^^^^^^^
  File "C:\Users\Christian Redes\AppData\Local\Programs\Python\Python313\Lib\site-packages\selenium\webdriver\remote\webdriver.py", line 450, in execute
    self.error_handler.check_response(response)
    ~~~~~~~~~~~~~~~~~~~~~~~~~~~~~~~~~^^^^^^^^^^
  File "C:\Users\Christian Redes\AppData\Local\Programs\Python\Python313\Lib\site-packages\selenium\webdriver\remote\errorhandler.py", line 232, in check_response
    raise exception_class(message, screen, stacktrace)
selenium.common.exceptions.SessionNotCreatedException: Message: session not created: Chrome instance exited. Examine ChromeDriver verbose log to determine the cause.; For documentation on this error, please visit: https://www.selenium.dev/documentation/webdriver/troubleshooting/errors#sessionnotcreatedexception
Stacktrace:
	chromedriver!GetHandleVerifier [0xdb3353+fd93]
	chromedriver!GetHandleVerifier [0xdb3394+fdd4]
	chromedriver!(No symbol) [0xba9220]
	chromedriver!(No symbol) [0xbde648]
	chromedriver!(No symbol) [0xbdad70]
	chromedriver!(No symbol) [0xc218ff]
	chromedriver!(No symbol) [0xc21117]
	chromedriver!(No symbol) [0xc15616]
	chromedriver!(No symbol) [0xbe87e9]
	chromedriver!(No symbol) [0xbe95b4]
	chromedriver!GetHandleVerifier [0x104f51a+2abf5a]
	chromedriver!GetHandleVerifier [0x104aa21+2a7461]
	chromedriver!GetHandleVerifier [0xddf374+3bdb4]
	chromedriver!GetHandleVerifier [0xdce036+2aa76]
	chromedriver!GetHandleVerifier [0xdd4efd+3193d]
	chromedriver!GetHandleVerifier [0xdbc8a8+192e8]
	chromedriver!GetHandleVerifier [0xdbca55+19495]
	chromedriver!GetHandleVerifier [0xda53ff+1e3f]
	KERNEL32!BaseThreadInitThunk [0x763dfcc9+19]
	ntdll!RtlGetAppContainerNamedObjectPath [0x770082ae+11e]
	ntdll!RtlGetAppContainerNamedObjectPath [0x7700827e+ee]


[2026-08-13 07:52:09] Navegador cerrado.
[2026-08-13 07:52:18] Inicio de la automatización.
[2026-08-13 07:53:29] ERROR: Traceback (most recent call last):
  File "C:\Users\Christian Redes\OneDrive - Grupo MV\Escritorio\Reportes WA con Selenium\MSJ AUTO\mensajes.py", line 148, in ejecutar_automatizacion
    driver = crear_driver()
  File "C:\Users\Christian Redes\OneDrive - Grupo MV\Escritorio\Reportes WA con Selenium\MSJ AUTO\mensajes.py", line 60, in crear_driver
    driver = webdriver.Chrome(
        service=Service(ChromeDriverManager().install()), options=opciones
    )
  File "C:\Users\Christian Redes\AppData\Local\Programs\Python\Python313\Lib\site-packages\selenium\webdriver\chrome\webdriver.py", line 45, in __init__
    super().__init__(
    ~~~~~~~~~~~~~~~~^
        browser_name=DesiredCapabilities.CHROME["browserName"],
        ^^^^^^^^^^^^^^^^^^^^^^^^^^^^^^^^^^^^^^^^^^^^^^^^^^^^^^^
    ...<3 lines>...
        keep_alive=keep_alive,
        ^^^^^^^^^^^^^^^^^^^^^^
    )
    ^
  File "C:\Users\Christian Redes\AppData\Local\Programs\Python\Python313\Lib\site-packages\selenium\webdriver\chromium\webdriver.py", line 66, in __init__
    super().__init__(command_executor=executor, options=self.options)
    ~~~~~~~~~~~~~~~~^^^^^^^^^^^^^^^^^^^^^^^^^^^^^^^^^^^^^^^^^^^^^^^^^
  File "C:\Users\Christian Redes\AppData\Local\Programs\Python\Python313\Lib\site-packages\selenium\webdriver\common\webdriver.py", line 25, in __init__
    super().__init__(*args, **kwargs)
    ~~~~~~~~~~~~~~~~^^^^^^^^^^^^^^^^^
  File "C:\Users\Christian Redes\AppData\Local\Programs\Python\Python313\Lib\site-packages\selenium\webdriver\remote\webdriver.py", line 274, in __init__
    self.start_session(capabilities)
    ~~~~~~~~~~~~~~~~~~^^^^^^^^^^^^^^
  File "C:\Users\Christian Redes\AppData\Local\Programs\Python\Python313\Lib\site-packages\selenium\webdriver\remote\webdriver.py", line 370, in start_session
    response = self.execute(Command.NEW_SESSION, caps)["value"]
               ~~~~~~~~~~~~^^^^^^^^^^^^^^^^^^^^^^^^^^^
  File "C:\Users\Christian Redes\AppData\Local\Programs\Python\Python313\Lib\site-packages\selenium\webdriver\remote\webdriver.py", line 450, in execute
    self.error_handler.check_response(response)
    ~~~~~~~~~~~~~~~~~~~~~~~~~~~~~~~~~^^^^^^^^^^
  File "C:\Users\Christian Redes\AppData\Local\Programs\Python\Python313\Lib\site-packages\selenium\webdriver\remote\errorhandler.py", line 232, in check_response
    raise exception_class(message, screen, stacktrace)
selenium.common.exceptions.SessionNotCreatedException: Message: session not created: DevToolsActivePort file doesn't exist; For documentation on this error, please visit: https://www.selenium.dev/documentation/webdriver/troubleshooting/errors#sessionnotcreatedexception
Stacktrace:
	chromedriver!GetHandleVerifier [0xdb3353+fd93]
	chromedriver!GetHandleVerifier [0xdb3394+fdd4]
	chromedriver!(No symbol) [0xba9220]
	chromedriver!(No symbol) [0xbe4178]
	chromedriver!(No symbol) [0xbe023c]
	chromedriver!(No symbol) [0xbdad70]
	chromedriver!(No symbol) [0xc218ff]
	chromedriver!(No symbol) [0xc21117]
	chromedriver!(No symbol) [0xc15616]
	chromedriver!(No symbol) [0xbe87e9]
	chromedriver!(No symbol) [0xbe95b4]
	chromedriver!GetHandleVerifier [0x104f51a+2abf5a]
	chromedriver!GetHandleVerifier [0x104aa21+2a7461]
	chromedriver!GetHandleVerifier [0xddf374+3bdb4]
	chromedriver!GetHandleVerifier [0xdce036+2aa76]
	chromedriver!GetHandleVerifier [0xdd4efd+3193d]
	chromedriver!GetHandleVerifier [0xdbc8a8+192e8]
	chromedriver!GetHandleVerifier [0xdbca55+19495]
	chromedriver!GetHandleVerifier [0xda53ff+1e3f]
	KERNEL32!BaseThreadInitThunk [0x763dfcc9+19]
	ntdll!RtlGetAppContainerNamedObjectPath [0x770082ae+11e]
	ntdll!RtlGetAppContainerNamedObjectPath [0x7700827e+ee]


[2026-08-13 07:53:29] Navegador cerrado.
[2026-08-13 08:11:02] Inicio de la automatización.
[2026-08-13 08:11:08] ERROR: Traceback (most recent call last):
  File "C:\Users\Christian Redes\OneDrive - Grupo MV\Escritorio\Reportes WA con Selenium\MSJ AUTO\mensajes.py", line 148, in ejecutar_automatizacion
    driver = crear_driver()
  File "C:\Users\Christian Redes\OneDrive - Grupo MV\Escritorio\Reportes WA con Selenium\MSJ AUTO\mensajes.py", line 60, in crear_driver
    driver = webdriver.Chrome(
        service=Service(ChromeDriverManager().install()), options=opciones
    )
  File "C:\Users\Christian Redes\AppData\Local\Programs\Python\Python313\Lib\site-packages\selenium\webdriver\chrome\webdriver.py", line 45, in __init__
    super().__init__(
    ~~~~~~~~~~~~~~~~^
        browser_name=DesiredCapabilities.CHROME["browserName"],
        ^^^^^^^^^^^^^^^^^^^^^^^^^^^^^^^^^^^^^^^^^^^^^^^^^^^^^^^
    ...<3 lines>...
        keep_alive=keep_alive,
        ^^^^^^^^^^^^^^^^^^^^^^
    )
    ^
  File "C:\Users\Christian Redes\AppData\Local\Programs\Python\Python313\Lib\site-packages\selenium\webdriver\chromium\webdriver.py", line 66, in __init__
    super().__init__(command_executor=executor, options=self.options)
    ~~~~~~~~~~~~~~~~^^^^^^^^^^^^^^^^^^^^^^^^^^^^^^^^^^^^^^^^^^^^^^^^^
  File "C:\Users\Christian Redes\AppData\Local\Programs\Python\Python313\Lib\site-packages\selenium\webdriver\common\webdriver.py", line 25, in __init__
    super().__init__(*args, **kwargs)
    ~~~~~~~~~~~~~~~~^^^^^^^^^^^^^^^^^
  File "C:\Users\Christian Redes\AppData\Local\Programs\Python\Python313\Lib\site-packages\selenium\webdriver\remote\webdriver.py", line 274, in __init__
    self.start_session(capabilities)
    ~~~~~~~~~~~~~~~~~~^^^^^^^^^^^^^^
  File "C:\Users\Christian Redes\AppData\Local\Programs\Python\Python313\Lib\site-packages\selenium\webdriver\remote\webdriver.py", line 370, in start_session
    response = self.execute(Command.NEW_SESSION, caps)["value"]
               ~~~~~~~~~~~~^^^^^^^^^^^^^^^^^^^^^^^^^^^
  File "C:\Users\Christian Redes\AppData\Local\Programs\Python\Python313\Lib\site-packages\selenium\webdriver\remote\webdriver.py", line 450, in execute
    self.error_handler.check_response(response)
    ~~~~~~~~~~~~~~~~~~~~~~~~~~~~~~~~~^^^^^^^^^^
  File "C:\Users\Christian Redes\AppData\Local\Programs\Python\Python313\Lib\site-packages\selenium\webdriver\remote\errorhandler.py", line 232, in check_response
    raise exception_class(message, screen, stacktrace)
selenium.common.exceptions.SessionNotCreatedException: Message: session not created: Chrome instance exited. Examine ChromeDriver verbose log to determine the cause.; For documentation on this error, please visit: https://www.selenium.dev/documentation/webdriver/troubleshooting/errors#sessionnotcreatedexception
Stacktrace:
	chromedriver!GetHandleVerifier [0xdb3353+fd93]
	chromedriver!GetHandleVerifier [0xdb3394+fdd4]
	chromedriver!(No symbol) [0xba9220]
	chromedriver!(No symbol) [0xbde648]
	chromedriver!(No symbol) [0xbdad70]
	chromedriver!(No symbol) [0xc218ff]
	chromedriver!(No symbol) [0xc21117]
	chromedriver!(No symbol) [0xc15616]
	chromedriver!(No symbol) [0xbe87e9]
	chromedriver!(No symbol) [0xbe95b4]
	chromedriver!GetHandleVerifier [0x104f51a+2abf5a]
	chromedriver!GetHandleVerifier [0x104aa21+2a7461]
	chromedriver!GetHandleVerifier [0xddf374+3bdb4]
	chromedriver!GetHandleVerifier [0xdce036+2aa76]
	chromedriver!GetHandleVerifier [0xdd4efd+3193d]
	chromedriver!GetHandleVerifier [0xdbc8a8+192e8]
	chromedriver!GetHandleVerifier [0xdbca55+19495]
	chromedriver!GetHandleVerifier [0xda53ff+1e3f]
	KERNEL32!BaseThreadInitThunk [0x763dfcc9+19]
	ntdll!RtlGetAppContainerNamedObjectPath [0x770082ae+11e]
	ntdll!RtlGetAppContainerNamedObjectPath [0x7700827e+ee]


[2026-08-13 08:11:08] Navegador cerrado.
[2026-08-13 08:15:05] Inicio de la automatización.
[2026-08-13 08:15:09] ERROR: Traceback (most recent call last):
  File "C:\Users\Christian Redes\OneDrive - Grupo MV\Escritorio\Reportes WA con Selenium\MSJ AUTO\mensajes.py", line 148, in ejecutar_automatizacion
    driver = crear_driver()
  File "C:\Users\Christian Redes\OneDrive - Grupo MV\Escritorio\Reportes WA con Selenium\MSJ AUTO\mensajes.py", line 60, in crear_driver
    driver = webdriver.Chrome(
        service=Service(ChromeDriverManager().install()), options=opciones
    )
  File "C:\Users\Christian Redes\AppData\Local\Programs\Python\Python313\Lib\site-packages\selenium\webdriver\chrome\webdriver.py", line 45, in __init__
    super().__init__(
    ~~~~~~~~~~~~~~~~^
        browser_name=DesiredCapabilities.CHROME["browserName"],
        ^^^^^^^^^^^^^^^^^^^^^^^^^^^^^^^^^^^^^^^^^^^^^^^^^^^^^^^
    ...<3 lines>...
        keep_alive=keep_alive,
        ^^^^^^^^^^^^^^^^^^^^^^
    )
    ^
  File "C:\Users\Christian Redes\AppData\Local\Programs\Python\Python313\Lib\site-packages\selenium\webdriver\chromium\webdriver.py", line 66, in __init__
    super().__init__(command_executor=executor, options=self.options)
    ~~~~~~~~~~~~~~~~^^^^^^^^^^^^^^^^^^^^^^^^^^^^^^^^^^^^^^^^^^^^^^^^^
  File "C:\Users\Christian Redes\AppData\Local\Programs\Python\Python313\Lib\site-packages\selenium\webdriver\common\webdriver.py", line 25, in __init__
    super().__init__(*args, **kwargs)
    ~~~~~~~~~~~~~~~~^^^^^^^^^^^^^^^^^
  File "C:\Users\Christian Redes\AppData\Local\Programs\Python\Python313\Lib\site-packages\selenium\webdriver\remote\webdriver.py", line 274, in __init__
    self.start_session(capabilities)
    ~~~~~~~~~~~~~~~~~~^^^^^^^^^^^^^^
  File "C:\Users\Christian Redes\AppData\Local\Programs\Python\Python313\Lib\site-packages\selenium\webdriver\remote\webdriver.py", line 370, in start_session
    response = self.execute(Command.NEW_SESSION, caps)["value"]
               ~~~~~~~~~~~~^^^^^^^^^^^^^^^^^^^^^^^^^^^
  File "C:\Users\Christian Redes\AppData\Local\Programs\Python\Python313\Lib\site-packages\selenium\webdriver\remote\webdriver.py", line 450, in execute
    self.error_handler.check_response(response)
    ~~~~~~~~~~~~~~~~~~~~~~~~~~~~~~~~~^^^^^^^^^^
  File "C:\Users\Christian Redes\AppData\Local\Programs\Python\Python313\Lib\site-packages\selenium\webdriver\remote\errorhandler.py", line 232, in check_response
    raise exception_class(message, screen, stacktrace)
selenium.common.exceptions.SessionNotCreatedException: Message: session not created: Chrome instance exited. Examine ChromeDriver verbose log to determine the cause.; For documentation on this error, please visit: https://www.selenium.dev/documentation/webdriver/troubleshooting/errors#sessionnotcreatedexception
Stacktrace:
	chromedriver!GetHandleVerifier [0xdb3353+fd93]
	chromedriver!GetHandleVerifier [0xdb3394+fdd4]
	chromedriver!(No symbol) [0xba9220]
	chromedriver!(No symbol) [0xbde648]
	chromedriver!(No symbol) [0xbdad70]
	chromedriver!(No symbol) [0xc218ff]
	chromedriver!(No symbol) [0xc21117]
	chromedriver!(No symbol) [0xc15616]
	chromedriver!(No symbol) [0xbe87e9]
	chromedriver!(No symbol) [0xbe95b4]
	chromedriver!GetHandleVerifier [0x104f51a+2abf5a]
	chromedriver!GetHandleVerifier [0x104aa21+2a7461]
	chromedriver!GetHandleVerifier [0xddf374+3bdb4]
	chromedriver!GetHandleVerifier [0xdce036+2aa76]
	chromedriver!GetHandleVerifier [0xdd4efd+3193d]
	chromedriver!GetHandleVerifier [0xdbc8a8+192e8]
	chromedriver!GetHandleVerifier [0xdbca55+19495]
	chromedriver!GetHandleVerifier [0xda53ff+1e3f]
	KERNEL32!BaseThreadInitThunk [0x763dfcc9+19]
	ntdll!RtlGetAppContainerNamedObjectPath [0x770082ae+11e]
	ntdll!RtlGetAppContainerNamedObjectPath [0x7700827e+ee]


[2026-08-13 08:15:09] Navegador cerrado.
[2026-08-13 08:23:38] Inicio de la automatización.
[2026-08-13 08:23:44] ERROR: Traceback (most recent call last):
  File "C:\Users\Christian Redes\OneDrive - Grupo MV\Escritorio\Reportes WA con Selenium\MSJ AUTO\mensajes.py", line 148, in ejecutar_automatizacion
    driver = crear_driver()
  File "C:\Users\Christian Redes\OneDrive - Grupo MV\Escritorio\Reportes WA con Selenium\MSJ AUTO\mensajes.py", line 60, in crear_driver
    driver = webdriver.Chrome(
        service=Service(ChromeDriverManager().install()), options=opciones
    )
  File "C:\Users\Christian Redes\AppData\Local\Programs\Python\Python313\Lib\site-packages\selenium\webdriver\chrome\webdriver.py", line 45, in __init__
    super().__init__(
    ~~~~~~~~~~~~~~~~^
        browser_name=DesiredCapabilities.CHROME["browserName"],
        ^^^^^^^^^^^^^^^^^^^^^^^^^^^^^^^^^^^^^^^^^^^^^^^^^^^^^^^
    ...<3 lines>...
        keep_alive=keep_alive,
        ^^^^^^^^^^^^^^^^^^^^^^
    )
    ^
  File "C:\Users\Christian Redes\AppData\Local\Programs\Python\Python313\Lib\site-packages\selenium\webdriver\chromium\webdriver.py", line 66, in __init__
    super().__init__(command_executor=executor, options=self.options)
    ~~~~~~~~~~~~~~~~^^^^^^^^^^^^^^^^^^^^^^^^^^^^^^^^^^^^^^^^^^^^^^^^^
  File "C:\Users\Christian Redes\AppData\Local\Programs\Python\Python313\Lib\site-packages\selenium\webdriver\common\webdriver.py", line 25, in __init__
    super().__init__(*args, **kwargs)
    ~~~~~~~~~~~~~~~~^^^^^^^^^^^^^^^^^
  File "C:\Users\Christian Redes\AppData\Local\Programs\Python\Python313\Lib\site-packages\selenium\webdriver\remote\webdriver.py", line 274, in __init__
    self.start_session(capabilities)
    ~~~~~~~~~~~~~~~~~~^^^^^^^^^^^^^^
  File "C:\Users\Christian Redes\AppData\Local\Programs\Python\Python313\Lib\site-packages\selenium\webdriver\remote\webdriver.py", line 370, in start_session
    response = self.execute(Command.NEW_SESSION, caps)["value"]
               ~~~~~~~~~~~~^^^^^^^^^^^^^^^^^^^^^^^^^^^
  File "C:\Users\Christian Redes\AppData\Local\Programs\Python\Python313\Lib\site-packages\selenium\webdriver\remote\webdriver.py", line 450, in execute
    self.error_handler.check_response(response)
    ~~~~~~~~~~~~~~~~~~~~~~~~~~~~~~~~~^^^^^^^^^^
  File "C:\Users\Christian Redes\AppData\Local\Programs\Python\Python313\Lib\site-packages\selenium\webdriver\remote\errorhandler.py", line 232, in check_response
    raise exception_class(message, screen, stacktrace)
selenium.common.exceptions.SessionNotCreatedException: Message: session not created: Chrome instance exited. Examine ChromeDriver verbose log to determine the cause.; For documentation on this error, please visit: https://www.selenium.dev/documentation/webdriver/troubleshooting/errors#sessionnotcreatedexception
Stacktrace:
	chromedriver!GetHandleVerifier [0xdb3353+fd93]
	chromedriver!GetHandleVerifier [0xdb3394+fdd4]
	chromedriver!(No symbol) [0xba9220]
	chromedriver!(No symbol) [0xbde648]
	chromedriver!(No symbol) [0xbdad70]
	chromedriver!(No symbol) [0xc218ff]
	chromedriver!(No symbol) [0xc21117]
	chromedriver!(No symbol) [0xc15616]
	chromedriver!(No symbol) [0xbe87e9]
	chromedriver!(No symbol) [0xbe95b4]
	chromedriver!GetHandleVerifier [0x104f51a+2abf5a]
	chromedriver!GetHandleVerifier [0x104aa21+2a7461]
	chromedriver!GetHandleVerifier [0xddf374+3bdb4]
	chromedriver!GetHandleVerifier [0xdce036+2aa76]
	chromedriver!GetHandleVerifier [0xdd4efd+3193d]
	chromedriver!GetHandleVerifier [0xdbc8a8+192e8]
	chromedriver!GetHandleVerifier [0xdbca55+19495]
	chromedriver!GetHandleVerifier [0xda53ff+1e3f]
	KERNEL32!BaseThreadInitThunk [0x763dfcc9+19]
	ntdll!RtlGetAppContainerNamedObjectPath [0x770082ae+11e]
	ntdll!RtlGetAppContainerNamedObjectPath [0x7700827e+ee]


[2026-08-13 08:23:44] Navegador cerrado.
[2026-08-13 08:25:12] Inicio de la automatización.
[2026-08-13 08:40:08] Inicio de la automatizaci├│n.
[2026-08-13 08:41:11] ERROR: Traceback (most recent call last):
  File "C:\Users\Christian Redes\OneDrive - Grupo MV\Escritorio\Reportes WA con Selenium\MSJ AUTO\mensajes.py", line 44, in esperar_elemento_clickable
    return WebDriverWait(driver, espera_por_selector).until(
           ~~~~~~~~~~~~~~~~~~~~~~~~~~~~~~~~~~~~~~~~~~~~~~~~^
        EC.element_to_be_clickable((By.XPATH, selector))
        ^^^^^^^^^^^^^^^^^^^^^^^^^^^^^^^^^^^^^^^^^^^^^^^^
    )
    ^
  File "C:\Users\Christian Redes\AppData\Local\Programs\Python\Python313\Lib\site-packages\selenium\webdriver\support\wait.py", line 121, in until
    raise TimeoutException(message, screen, stacktrace)
selenium.common.exceptions.TimeoutException: Message: 
Stacktrace:
	chromedriver!GetHandleVerifier [0xdb3353+fd93]
	chromedriver!GetHandleVerifier [0xdb3394+fdd4]
	chromedriver!(No symbol) [0xba9220]
	chromedriver!(No symbol) [0xbf32fb]
	chromedriver!(No symbol) [0xbf351b]
	chromedriver!(No symbol) [0xc35b82]
	chromedriver!(No symbol) [0xc158c4]
	chromedriver!(No symbol) [0xc334d9]
	chromedriver!(No symbol) [0xc15616]
	chromedriver!(No symbol) [0xbe87e9]
	chromedriver!(No symbol) [0xbe95b4]
	chromedriver!GetHandleVerifier [0x104f51a+2abf5a]
	chromedriver!GetHandleVerifier [0x104aa21+2a7461]
	chromedriver!GetHandleVerifier [0xddf374+3bdb4]
	chromedriver!GetHandleVerifier [0xdce036+2aa76]
	chromedriver!GetHandleVerifier [0xdd4efd+3193d]
	chromedriver!GetHandleVerifier [0xdbc8a8+192e8]
	chromedriver!GetHandleVerifier [0xdbca55+19495]
	chromedriver!GetHandleVerifier [0xda53ff+1e3f]
	KERNEL32!BaseThreadInitThunk [0x763dfcc9+19]
	ntdll!RtlGetAppContainerNamedObjectPath [0x770082ae+11e]
	ntdll!RtlGetAppContainerNamedObjectPath [0x7700827e+ee]


The above exception was the direct cause of the following exception:

Traceback (most recent call last):
  File "C:\Users\Christian Redes\OneDrive - Grupo MV\Escritorio\Reportes WA con Selenium\MSJ AUTO\mensajes.py", line 150, in ejecutar_automatizacion
    accion(driver)
    ~~~~~~^^^^^^^^
  File "C:\Users\Christian Redes\OneDrive - Grupo MV\Escritorio\Reportes WA con Selenium\MSJ AUTO\mensajes.py", line 167, in accion
    abrir_grupo(driver)
    ~~~~~~~~~~~^^^^^^^^
  File "C:\Users\Christian Redes\OneDrive - Grupo MV\Escritorio\Reportes WA con Selenium\MSJ AUTO\mensajes.py", line 71, in abrir_grupo
    buscador = esperar_elemento_clickable(driver, [
        XPATH_BUSCADOR,  # Selector de la versi├│n usada por los scripts originales.
        '//div[@contenteditable="true" and @data-tab="3"]',
        '//div[@role="textbox" and @contenteditable="true" and not(ancestor::footer)]',
    ])
  File "C:\Users\Christian Redes\OneDrive - Grupo MV\Escritorio\Reportes WA con Selenium\MSJ AUTO\mensajes.py", line 49, in esperar_elemento_clickable
    raise RuntimeError("WhatsApp Web no mostr├│ el campo esperado.") from ultimo_error
RuntimeError: WhatsApp Web no mostr├│ el campo esperado.

[2026-08-13 08:41:13] Navegador cerrado.
[2026-08-13 08:41:42] Inicio de la automatizaci├│n.
[2026-08-13 08:42:16] ERROR: Traceback (most recent call last):
  File "C:\Users\Christian Redes\OneDrive - Grupo MV\Escritorio\Reportes WA con Selenium\MSJ AUTO\mensajes.py", line 44, in esperar_elemento_clickable
    return WebDriverWait(driver, espera_por_selector).until(
           ~~~~~~~~~~~~~~~~~~~~~~~~~~~~~~~~~~~~~~~~~~~~~~~~^
        EC.element_to_be_clickable((By.XPATH, selector))
        ^^^^^^^^^^^^^^^^^^^^^^^^^^^^^^^^^^^^^^^^^^^^^^^^
    )
    ^
  File "C:\Users\Christian Redes\AppData\Local\Programs\Python\Python313\Lib\site-packages\selenium\webdriver\support\wait.py", line 112, in until
    value = method(self._driver)
  File "C:\Users\Christian Redes\AppData\Local\Programs\Python\Python313\Lib\site-packages\selenium\webdriver\support\expected_conditions.py", line 514, in _predicate
    target = driver.find_element(*target)  # grab element at locator
  File "C:\Users\Christian Redes\AppData\Local\Programs\Python\Python313\Lib\site-packages\selenium\webdriver\remote\webdriver.py", line 823, in find_element
    return self.execute(Command.FIND_ELEMENT, {"using": by, "value": value})["value"]
           ~~~~~~~~~~~~^^^^^^^^^^^^^^^^^^^^^^^^^^^^^^^^^^^^^^^^^^^^^^^^^^^^^
  File "C:\Users\Christian Redes\AppData\Local\Programs\Python\Python313\Lib\site-packages\selenium\webdriver\remote\webdriver.py", line 450, in execute
    self.error_handler.check_response(response)
    ~~~~~~~~~~~~~~~~~~~~~~~~~~~~~~~~~^^^^^^^^^^
  File "C:\Users\Christian Redes\AppData\Local\Programs\Python\Python313\Lib\site-packages\selenium\webdriver\remote\errorhandler.py", line 232, in check_response
    raise exception_class(message, screen, stacktrace)
selenium.common.exceptions.InvalidSessionIdException: Message: invalid session id: session deleted as the browser has closed the connection
from disconnected: not connected to DevTools
  (Session info: chrome=151.0.7922.109); For documentation on this error, please visit: https://www.selenium.dev/documentation/webdriver/troubleshooting/errors#invalidsessionidexception
Stacktrace:
	chromedriver!GetHandleVerifier [0xdb3353+fd93]
	chromedriver!GetHandleVerifier [0xdb3394+fdd4]
	chromedriver!(No symbol) [0xba9220]
	chromedriver!(No symbol) [0xb9855e]
	chromedriver!(No symbol) [0xbb6ba9]
	chromedriver!(No symbol) [0xc1c16d]
	chromedriver!(No symbol) [0xc32e29]
	chromedriver!(No symbol) [0xc15616]
	chromedriver!(No symbol) [0xbe87e9]
	chromedriver!(No symbol) [0xbe95b4]
	chromedriver!GetHandleVerifier [0x104f51a+2abf5a]
	chromedriver!GetHandleVerifier [0x104aa21+2a7461]
	chromedriver!GetHandleVerifier [0xddf374+3bdb4]
	chromedriver!GetHandleVerifier [0xdce036+2aa76]
	chromedriver!GetHandleVerifier [0xdd4efd+3193d]
	chromedriver!GetHandleVerifier [0xdbc8a8+192e8]
	chromedriver!GetHandleVerifier [0xdbca55+19495]
	chromedriver!GetHandleVerifier [0xda53ff+1e3f]
	KERNEL32!BaseThreadInitThunk [0x763dfcc9+19]
	ntdll!RtlGetAppContainerNamedObjectPath [0x770082ae+11e]
	ntdll!RtlGetAppContainerNamedObjectPath [0x7700827e+ee]


The above exception was the direct cause of the following exception:

Traceback (most recent call last):
  File "C:\Users\Christian Redes\OneDrive - Grupo MV\Escritorio\Reportes WA con Selenium\MSJ AUTO\mensajes.py", line 150, in ejecutar_automatizacion
    accion(driver)
    ~~~~~~^^^^^^^^
  File "C:\Users\Christian Redes\OneDrive - Grupo MV\Escritorio\Reportes WA con Selenium\MSJ AUTO\mensajes.py", line 167, in accion
    abrir_grupo(driver)
    ~~~~~~~~~~~^^^^^^^^
  File "C:\Users\Christian Redes\OneDrive - Grupo MV\Escritorio\Reportes WA con Selenium\MSJ AUTO\mensajes.py", line 71, in abrir_grupo
    buscador = esperar_elemento_clickable(driver, [
        XPATH_BUSCADOR,  # Selector de la versi├│n usada por los scripts originales.
        '//div[@contenteditable="true" and @data-tab="3"]',
        '//div[@role="textbox" and @contenteditable="true" and not(ancestor::footer)]',
    ])
  File "C:\Users\Christian Redes\OneDrive - Grupo MV\Escritorio\Reportes WA con Selenium\MSJ AUTO\mensajes.py", line 49, in esperar_elemento_clickable
    raise RuntimeError("WhatsApp Web no mostr├│ el campo esperado.") from ultimo_error
RuntimeError: WhatsApp Web no mostr├│ el campo esperado.

[2026-08-13 08:42:18] Navegador cerrado.
[2026-08-13 08:42:19] Inicio de la automatizaci├│n.
[2026-08-13 08:42:58] ERROR: Traceback (most recent call last):
  File "C:\Users\Christian Redes\OneDrive - Grupo MV\Escritorio\Reportes WA con Selenium\MSJ AUTO\mensajes.py", line 44, in esperar_elemento_clickable
    return WebDriverWait(driver, espera_por_selector).until(
           ~~~~~~~~~~~~~~~~~~~~~~~~~~~~~~~~~~~~~~~~~~~~~~~~^
        EC.element_to_be_clickable((By.XPATH, selector))
        ^^^^^^^^^^^^^^^^^^^^^^^^^^^^^^^^^^^^^^^^^^^^^^^^
    )
    ^
  File "C:\Users\Christian Redes\AppData\Local\Programs\Python\Python313\Lib\site-packages\selenium\webdriver\support\wait.py", line 121, in until
    raise TimeoutException(message, screen, stacktrace)
selenium.common.exceptions.TimeoutException: Message: 
Stacktrace:
	chromedriver!GetHandleVerifier [0xdb3353+fd93]
	chromedriver!GetHandleVerifier [0xdb3394+fdd4]
	chromedriver!(No symbol) [0xba9220]
	chromedriver!(No symbol) [0xbf32fb]
	chromedriver!(No symbol) [0xbf351b]
	chromedriver!(No symbol) [0xc35b82]
	chromedriver!(No symbol) [0xc158c4]
	chromedriver!(No symbol) [0xc334d9]
	chromedriver!(No symbol) [0xc15616]
	chromedriver!(No symbol) [0xbe87e9]
	chromedriver!(No symbol) [0xbe95b4]
	chromedriver!GetHandleVerifier [0x104f51a+2abf5a]
	chromedriver!GetHandleVerifier [0x104aa21+2a7461]
	chromedriver!GetHandleVerifier [0xddf374+3bdb4]
	chromedriver!GetHandleVerifier [0xdce036+2aa76]
	chromedriver!GetHandleVerifier [0xdd4efd+3193d]
	chromedriver!GetHandleVerifier [0xdbc8a8+192e8]
	chromedriver!GetHandleVerifier [0xdbca55+19495]
	chromedriver!GetHandleVerifier [0xda53ff+1e3f]
	KERNEL32!BaseThreadInitThunk [0x763dfcc9+19]
	ntdll!RtlGetAppContainerNamedObjectPath [0x770082ae+11e]
	ntdll!RtlGetAppContainerNamedObjectPath [0x7700827e+ee]


The above exception was the direct cause of the following exception:

Traceback (most recent call last):
  File "C:\Users\Christian Redes\OneDrive - Grupo MV\Escritorio\Reportes WA con Selenium\MSJ AUTO\mensajes.py", line 150, in ejecutar_automatizacion
    accion(driver)
    ~~~~~~^^^^^^^^
  File "C:\Users\Christian Redes\OneDrive - Grupo MV\Escritorio\Reportes WA con Selenium\MSJ AUTO\mensajes.py", line 167, in accion
    abrir_grupo(driver)
    ~~~~~~~~~~~^^^^^^^^
  File "C:\Users\Christian Redes\OneDrive - Grupo MV\Escritorio\Reportes WA con Selenium\MSJ AUTO\mensajes.py", line 71, in abrir_grupo
    buscador = esperar_elemento_clickable(driver, [
        XPATH_BUSCADOR,  # Selector de la versi├│n usada por los scripts originales.
        '//div[@contenteditable="true" and @data-tab="3"]',
        '//div[@role="textbox" and @contenteditable="true" and not(ancestor::footer)]',
    ])
  File "C:\Users\Christian Redes\OneDrive - Grupo MV\Escritorio\Reportes WA con Selenium\MSJ AUTO\mensajes.py", line 49, in esperar_elemento_clickable
    raise RuntimeError("WhatsApp Web no mostr├│ el campo esperado.") from ultimo_error
RuntimeError: WhatsApp Web no mostr├│ el campo esperado.

[2026-08-13 08:43:01] Navegador cerrado.
[2026-08-13 08:46:42] Inicio de la automatizaci├│n.
[2026-08-13 08:47:24] ERROR: Traceback (most recent call last):
  File "C:\Users\Christian Redes\OneDrive - Grupo MV\Escritorio\Reportes WA con Selenium\MSJ AUTO\mensajes.py", line 44, in esperar_elemento_clickable
    return WebDriverWait(driver, espera_por_selector).until(
           ~~~~~~~~~~~~~~~~~~~~~~~~~~~~~~~~~~~~~~~~~~~~~~~~^
        EC.element_to_be_clickable((By.XPATH, selector))
        ^^^^^^^^^^^^^^^^^^^^^^^^^^^^^^^^^^^^^^^^^^^^^^^^
    )
    ^
  File "C:\Users\Christian Redes\AppData\Local\Programs\Python\Python313\Lib\site-packages\selenium\webdriver\support\wait.py", line 112, in until
    value = method(self._driver)
  File "C:\Users\Christian Redes\AppData\Local\Programs\Python\Python313\Lib\site-packages\selenium\webdriver\support\expected_conditions.py", line 514, in _predicate
    target = driver.find_element(*target)  # grab element at locator
  File "C:\Users\Christian Redes\AppData\Local\Programs\Python\Python313\Lib\site-packages\selenium\webdriver\remote\webdriver.py", line 823, in find_element
    return self.execute(Command.FIND_ELEMENT, {"using": by, "value": value})["value"]
           ~~~~~~~~~~~~^^^^^^^^^^^^^^^^^^^^^^^^^^^^^^^^^^^^^^^^^^^^^^^^^^^^^
  File "C:\Users\Christian Redes\AppData\Local\Programs\Python\Python313\Lib\site-packages\selenium\webdriver\remote\webdriver.py", line 450, in execute
    self.error_handler.check_response(response)
    ~~~~~~~~~~~~~~~~~~~~~~~~~~~~~~~~~^^^^^^^^^^
  File "C:\Users\Christian Redes\AppData\Local\Programs\Python\Python313\Lib\site-packages\selenium\webdriver\remote\errorhandler.py", line 232, in check_response
    raise exception_class(message, screen, stacktrace)
selenium.common.exceptions.InvalidSessionIdException: Message: invalid session id; For documentation on this error, please visit: https://www.selenium.dev/documentation/webdriver/troubleshooting/errors#invalidsessionidexception
Stacktrace:
	chromedriver!GetHandleVerifier [0xdb3353+fd93]
	chromedriver!GetHandleVerifier [0xdb3394+fdd4]
	chromedriver!(No symbol) [0xba905e]
	chromedriver!(No symbol) [0xbe7a75]
	chromedriver!(No symbol) [0xc15736]
	chromedriver!(No symbol) [0xc109a2]
	chromedriver!(No symbol) [0xc10380]
	chromedriver!(No symbol) [0xb7c7c1]
	chromedriver!(No symbol) [0xb7cd63]
	chromedriver!(No symbol) [0xb7d21d]
	chromedriver!GetHandleVerifier [0x104f51a+2abf5a]
	chromedriver!GetHandleVerifier [0x104aa21+2a7461]
	chromedriver!GetHandleVerifier [0xddf374+3bdb4]
	chromedriver!GetHandleVerifier [0xdce036+2aa76]
	chromedriver!GetHandleVerifier [0xdd4efd+3193d]
	chromedriver!(No symbol) [0xb7c470]
	chromedriver!(No symbol) [0xb7bb22]
	chromedriver!GetHandleVerifier [0x11afc3f+40c67f]
	KERNEL32!BaseThreadInitThunk [0x763dfcc9+19]
	ntdll!RtlGetAppContainerNamedObjectPath [0x770082ae+11e]
	ntdll!RtlGetAppContainerNamedObjectPath [0x7700827e+ee]


The above exception was the direct cause of the following exception:

Traceback (most recent call last):
  File "C:\Users\Christian Redes\OneDrive - Grupo MV\Escritorio\Reportes WA con Selenium\MSJ AUTO\mensajes.py", line 150, in ejecutar_automatizacion
    accion(driver)
    ~~~~~~^^^^^^^^
  File "C:\Users\Christian Redes\OneDrive - Grupo MV\Escritorio\Reportes WA con Selenium\MSJ AUTO\mensajes.py", line 210, in accion
    enviar_texto(driver, mensaje)
    ~~~~~~~~~~~~^^^^^^^^^^^^^^^^^
  File "C:\Users\Christian Redes\OneDrive - Grupo MV\Escritorio\Reportes WA con Selenium\MSJ AUTO\mensajes.py", line 103, in enviar_texto
    caja = caja_mensaje(driver)
  File "C:\Users\Christian Redes\OneDrive - Grupo MV\Escritorio\Reportes WA con Selenium\MSJ AUTO\mensajes.py", line 94, in caja_mensaje
    return esperar_elemento_clickable(driver, [
        XPATH_MENSAJE,  # Selector de la versi├│n usada por los scripts originales.
    ...<2 lines>...
        '//div[@contenteditable="true" and @data-tab="10"]',
    ])
  File "C:\Users\Christian Redes\OneDrive - Grupo MV\Escritorio\Reportes WA con Selenium\MSJ AUTO\mensajes.py", line 49, in esperar_elemento_clickable
    raise RuntimeError("WhatsApp Web no mostr├│ el campo esperado.") from ultimo_error
RuntimeError: WhatsApp Web no mostr├│ el campo esperado.

[2026-08-13 08:47:26] Navegador cerrado.
[2026-08-13 10:17:31] Inicio de la automatización.
[2026-08-13 10:17:48] ERROR: Traceback (most recent call last):
  File "C:\Users\Christian Redes\OneDrive - Grupo MV\Escritorio\Reportes WA con Selenium\MSJ AUTO\mensajes.py", line 148, in ejecutar_automatizacion
    driver = crear_driver()
  File "C:\Users\Christian Redes\OneDrive - Grupo MV\Escritorio\Reportes WA con Selenium\MSJ AUTO\mensajes.py", line 60, in crear_driver
    driver = webdriver.Chrome(
        service=Service(ChromeDriverManager().install()), options=opciones
    )
  File "C:\Users\Christian Redes\AppData\Local\Programs\Python\Python313\Lib\site-packages\selenium\webdriver\chrome\webdriver.py", line 45, in __init__
    super().__init__(
    ~~~~~~~~~~~~~~~~^
        browser_name=DesiredCapabilities.CHROME["browserName"],
        ^^^^^^^^^^^^^^^^^^^^^^^^^^^^^^^^^^^^^^^^^^^^^^^^^^^^^^^
    ...<3 lines>...
        keep_alive=keep_alive,
        ^^^^^^^^^^^^^^^^^^^^^^
    )
    ^
  File "C:\Users\Christian Redes\AppData\Local\Programs\Python\Python313\Lib\site-packages\selenium\webdriver\chromium\webdriver.py", line 66, in __init__
    super().__init__(command_executor=executor, options=self.options)
    ~~~~~~~~~~~~~~~~^^^^^^^^^^^^^^^^^^^^^^^^^^^^^^^^^^^^^^^^^^^^^^^^^
  File "C:\Users\Christian Redes\AppData\Local\Programs\Python\Python313\Lib\site-packages\selenium\webdriver\common\webdriver.py", line 25, in __init__
    super().__init__(*args, **kwargs)
    ~~~~~~~~~~~~~~~~^^^^^^^^^^^^^^^^^
  File "C:\Users\Christian Redes\AppData\Local\Programs\Python\Python313\Lib\site-packages\selenium\webdriver\remote\webdriver.py", line 274, in __init__
    self.start_session(capabilities)
    ~~~~~~~~~~~~~~~~~~^^^^^^^^^^^^^^
  File "C:\Users\Christian Redes\AppData\Local\Programs\Python\Python313\Lib\site-packages\selenium\webdriver\remote\webdriver.py", line 370, in start_session
    response = self.execute(Command.NEW_SESSION, caps)["value"]
               ~~~~~~~~~~~~^^^^^^^^^^^^^^^^^^^^^^^^^^^
  File "C:\Users\Christian Redes\AppData\Local\Programs\Python\Python313\Lib\site-packages\selenium\webdriver\remote\webdriver.py", line 450, in execute
    self.error_handler.check_response(response)
    ~~~~~~~~~~~~~~~~~~~~~~~~~~~~~~~~~^^^^^^^^^^
  File "C:\Users\Christian Redes\AppData\Local\Programs\Python\Python313\Lib\site-packages\selenium\webdriver\remote\errorhandler.py", line 232, in check_response
    raise exception_class(message, screen, stacktrace)
selenium.common.exceptions.SessionNotCreatedException: Message: session not created: Chrome instance exited. Examine ChromeDriver verbose log to determine the cause.; For documentation on this error, please visit: https://www.selenium.dev/documentation/webdriver/troubleshooting/errors#sessionnotcreatedexception
Stacktrace:
	chromedriver!GetHandleVerifier [0xdb3353+fd93]
	chromedriver!GetHandleVerifier [0xdb3394+fdd4]
	chromedriver!(No symbol) [0xba9220]
	chromedriver!(No symbol) [0xbde648]
	chromedriver!(No symbol) [0xbdad70]
	chromedriver!(No symbol) [0xc218ff]
	chromedriver!(No symbol) [0xc21117]
	chromedriver!(No symbol) [0xc15616]
	chromedriver!(No symbol) [0xbe87e9]
	chromedriver!(No symbol) [0xbe95b4]
	chromedriver!GetHandleVerifier [0x104f51a+2abf5a]
	chromedriver!GetHandleVerifier [0x104aa21+2a7461]
	chromedriver!GetHandleVerifier [0xddf374+3bdb4]
	chromedriver!GetHandleVerifier [0xdce036+2aa76]
	chromedriver!GetHandleVerifier [0xdd4efd+3193d]
	chromedriver!GetHandleVerifier [0xdbc8a8+192e8]
	chromedriver!GetHandleVerifier [0xdbca55+19495]
	chromedriver!GetHandleVerifier [0xda53ff+1e3f]
	KERNEL32!BaseThreadInitThunk [0x763dfcc9+19]
	ntdll!RtlGetAppContainerNamedObjectPath [0x770082ae+11e]
	ntdll!RtlGetAppContainerNamedObjectPath [0x7700827e+ee]


[2026-08-13 10:17:48] Navegador cerrado.
[2026-08-13 10:26:25] Inicio de la automatización.
[2026-08-13 10:27:29] ERROR: Traceback (most recent call last):
  File "C:\Users\Christian Redes\OneDrive - Grupo MV\Escritorio\Reportes WA con Selenium\MSJ AUTO\mensajes.py", line 150, in ejecutar_automatizacion
    driver = crear_driver()
  File "C:\Users\Christian Redes\OneDrive - Grupo MV\Escritorio\Reportes WA con Selenium\MSJ AUTO\mensajes.py", line 71, in crear_driver
    driver = webdriver.Chrome(
        service=Service(ChromeDriverManager().install()), options=opciones
    )
  File "C:\Users\Christian Redes\AppData\Local\Programs\Python\Python313\Lib\site-packages\selenium\webdriver\chrome\webdriver.py", line 45, in __init__
    super().__init__(
    ~~~~~~~~~~~~~~~~^
        browser_name=DesiredCapabilities.CHROME["browserName"],
        ^^^^^^^^^^^^^^^^^^^^^^^^^^^^^^^^^^^^^^^^^^^^^^^^^^^^^^^
    ...<3 lines>...
        keep_alive=keep_alive,
        ^^^^^^^^^^^^^^^^^^^^^^
    )
    ^
  File "C:\Users\Christian Redes\AppData\Local\Programs\Python\Python313\Lib\site-packages\selenium\webdriver\chromium\webdriver.py", line 66, in __init__
    super().__init__(command_executor=executor, options=self.options)
    ~~~~~~~~~~~~~~~~^^^^^^^^^^^^^^^^^^^^^^^^^^^^^^^^^^^^^^^^^^^^^^^^^
  File "C:\Users\Christian Redes\AppData\Local\Programs\Python\Python313\Lib\site-packages\selenium\webdriver\common\webdriver.py", line 25, in __init__
    super().__init__(*args, **kwargs)
    ~~~~~~~~~~~~~~~~^^^^^^^^^^^^^^^^^
  File "C:\Users\Christian Redes\AppData\Local\Programs\Python\Python313\Lib\site-packages\selenium\webdriver\remote\webdriver.py", line 274, in __init__
    self.start_session(capabilities)
    ~~~~~~~~~~~~~~~~~~^^^^^^^^^^^^^^
  File "C:\Users\Christian Redes\AppData\Local\Programs\Python\Python313\Lib\site-packages\selenium\webdriver\remote\webdriver.py", line 370, in start_session
    response = self.execute(Command.NEW_SESSION, caps)["value"]
               ~~~~~~~~~~~~^^^^^^^^^^^^^^^^^^^^^^^^^^^
  File "C:\Users\Christian Redes\AppData\Local\Programs\Python\Python313\Lib\site-packages\selenium\webdriver\remote\webdriver.py", line 450, in execute
    self.error_handler.check_response(response)
    ~~~~~~~~~~~~~~~~~~~~~~~~~~~~~~~~~^^^^^^^^^^
  File "C:\Users\Christian Redes\AppData\Local\Programs\Python\Python313\Lib\site-packages\selenium\webdriver\remote\errorhandler.py", line 232, in check_response
    raise exception_class(message, screen, stacktrace)
selenium.common.exceptions.SessionNotCreatedException: Message: session not created: DevToolsActivePort file doesn't exist; For documentation on this error, please visit: https://www.selenium.dev/documentation/webdriver/troubleshooting/errors#sessionnotcreatedexception
Stacktrace:
	chromedriver!GetHandleVerifier [0xdb3353+fd93]
	chromedriver!GetHandleVerifier [0xdb3394+fdd4]
	chromedriver!(No symbol) [0xba9220]
	chromedriver!(No symbol) [0xbe4178]
	chromedriver!(No symbol) [0xbe023c]
	chromedriver!(No symbol) [0xbdad70]
	chromedriver!(No symbol) [0xc218ff]
	chromedriver!(No symbol) [0xc21117]
	chromedriver!(No symbol) [0xc15616]
	chromedriver!(No symbol) [0xbe87e9]
	chromedriver!(No symbol) [0xbe95b4]
	chromedriver!GetHandleVerifier [0x104f51a+2abf5a]
	chromedriver!GetHandleVerifier [0x104aa21+2a7461]
	chromedriver!GetHandleVerifier [0xddf374+3bdb4]
	chromedriver!GetHandleVerifier [0xdce036+2aa76]
	chromedriver!GetHandleVerifier [0xdd4efd+3193d]
	chromedriver!GetHandleVerifier [0xdbc8a8+192e8]
	chromedriver!GetHandleVerifier [0xdbca55+19495]
	chromedriver!GetHandleVerifier [0xda53ff+1e3f]
	KERNEL32!BaseThreadInitThunk [0x763dfcc9+19]
	ntdll!RtlGetAppContainerNamedObjectPath [0x770082ae+11e]
	ntdll!RtlGetAppContainerNamedObjectPath [0x7700827e+ee]


[2026-08-13 10:27:29] Navegador cerrado.
[2026-08-13 10:30:56] Inicio de la automatización.
[2026-08-13 10:31:07] ERROR: Traceback (most recent call last):
  File "C:\Users\Christian Redes\OneDrive - Grupo MV\Escritorio\Reportes WA con Selenium\MSJ AUTO\mensajes.py", line 154, in ejecutar_automatizacion
    driver = crear_driver()
  File "C:\Users\Christian Redes\OneDrive - Grupo MV\Escritorio\Reportes WA con Selenium\MSJ AUTO\mensajes.py", line 74, in crear_driver
    driver = webdriver.Chrome(
        service=Service(ChromeDriverManager().install()), options=opciones
    )
  File "C:\Users\Christian Redes\AppData\Local\Programs\Python\Python313\Lib\site-packages\selenium\webdriver\chrome\webdriver.py", line 45, in __init__
    super().__init__(
    ~~~~~~~~~~~~~~~~^
        browser_name=DesiredCapabilities.CHROME["browserName"],
        ^^^^^^^^^^^^^^^^^^^^^^^^^^^^^^^^^^^^^^^^^^^^^^^^^^^^^^^
    ...<3 lines>...
        keep_alive=keep_alive,
        ^^^^^^^^^^^^^^^^^^^^^^
    )
    ^
  File "C:\Users\Christian Redes\AppData\Local\Programs\Python\Python313\Lib\site-packages\selenium\webdriver\chromium\webdriver.py", line 66, in __init__
    super().__init__(command_executor=executor, options=self.options)
    ~~~~~~~~~~~~~~~~^^^^^^^^^^^^^^^^^^^^^^^^^^^^^^^^^^^^^^^^^^^^^^^^^
  File "C:\Users\Christian Redes\AppData\Local\Programs\Python\Python313\Lib\site-packages\selenium\webdriver\common\webdriver.py", line 25, in __init__
    super().__init__(*args, **kwargs)
    ~~~~~~~~~~~~~~~~^^^^^^^^^^^^^^^^^
  File "C:\Users\Christian Redes\AppData\Local\Programs\Python\Python313\Lib\site-packages\selenium\webdriver\remote\webdriver.py", line 274, in __init__
    self.start_session(capabilities)
    ~~~~~~~~~~~~~~~~~~^^^^^^^^^^^^^^
  File "C:\Users\Christian Redes\AppData\Local\Programs\Python\Python313\Lib\site-packages\selenium\webdriver\remote\webdriver.py", line 370, in start_session
    response = self.execute(Command.NEW_SESSION, caps)["value"]
               ~~~~~~~~~~~~^^^^^^^^^^^^^^^^^^^^^^^^^^^
  File "C:\Users\Christian Redes\AppData\Local\Programs\Python\Python313\Lib\site-packages\selenium\webdriver\remote\webdriver.py", line 450, in execute
    self.error_handler.check_response(response)
    ~~~~~~~~~~~~~~~~~~~~~~~~~~~~~~~~~^^^^^^^^^^
  File "C:\Users\Christian Redes\AppData\Local\Programs\Python\Python313\Lib\site-packages\selenium\webdriver\remote\errorhandler.py", line 232, in check_response
    raise exception_class(message, screen, stacktrace)
selenium.common.exceptions.SessionNotCreatedException: Message: session not created: Chrome instance exited. Examine ChromeDriver verbose log to determine the cause.; For documentation on this error, please visit: https://www.selenium.dev/documentation/webdriver/troubleshooting/errors#sessionnotcreatedexception
Stacktrace:
	chromedriver!GetHandleVerifier [0xdb3353+fd93]
	chromedriver!GetHandleVerifier [0xdb3394+fdd4]
	chromedriver!(No symbol) [0xba9220]
	chromedriver!(No symbol) [0xbde648]
	chromedriver!(No symbol) [0xbdad70]
	chromedriver!(No symbol) [0xc218ff]
	chromedriver!(No symbol) [0xc21117]
	chromedriver!(No symbol) [0xc15616]
	chromedriver!(No symbol) [0xbe87e9]
	chromedriver!(No symbol) [0xbe95b4]
	chromedriver!GetHandleVerifier [0x104f51a+2abf5a]
	chromedriver!GetHandleVerifier [0x104aa21+2a7461]
	chromedriver!GetHandleVerifier [0xddf374+3bdb4]
	chromedriver!GetHandleVerifier [0xdce036+2aa76]
	chromedriver!GetHandleVerifier [0xdd4efd+3193d]
	chromedriver!GetHandleVerifier [0xdbc8a8+192e8]
	chromedriver!GetHandleVerifier [0xdbca55+19495]
	chromedriver!GetHandleVerifier [0xda53ff+1e3f]
	KERNEL32!BaseThreadInitThunk [0x763dfcc9+19]
	ntdll!RtlGetAppContainerNamedObjectPath [0x770082ae+11e]
	ntdll!RtlGetAppContainerNamedObjectPath [0x7700827e+ee]


[2026-08-13 10:31:07] Navegador cerrado.
[2026-08-13 10:31:59] Inicio de la automatizaci├│n.
[2026-08-13 10:32:18] ERROR: Traceback (most recent call last):
  File "C:\Users\Christian Redes\OneDrive - Grupo MV\Escritorio\Reportes WA con Selenium\MSJ AUTO\mensajes.py", line 44, in esperar_elemento_clickable
    return WebDriverWait(driver, espera_por_selector).until(
           ~~~~~~~~~~~~~~~~~~~~~~~~~~~~~~~~~~~~~~~~~~~~~~~~^
        EC.element_to_be_clickable((By.XPATH, selector))
        ^^^^^^^^^^^^^^^^^^^^^^^^^^^^^^^^^^^^^^^^^^^^^^^^
    )
    ^
  File "C:\Users\Christian Redes\AppData\Local\Programs\Python\Python313\Lib\site-packages\selenium\webdriver\support\wait.py", line 112, in until
    value = method(self._driver)
  File "C:\Users\Christian Redes\AppData\Local\Programs\Python\Python313\Lib\site-packages\selenium\webdriver\support\expected_conditions.py", line 514, in _predicate
    target = driver.find_element(*target)  # grab element at locator
  File "C:\Users\Christian Redes\AppData\Local\Programs\Python\Python313\Lib\site-packages\selenium\webdriver\remote\webdriver.py", line 823, in find_element
    return self.execute(Command.FIND_ELEMENT, {"using": by, "value": value})["value"]
           ~~~~~~~~~~~~^^^^^^^^^^^^^^^^^^^^^^^^^^^^^^^^^^^^^^^^^^^^^^^^^^^^^
  File "C:\Users\Christian Redes\AppData\Local\Programs\Python\Python313\Lib\site-packages\selenium\webdriver\remote\webdriver.py", line 450, in execute
    self.error_handler.check_response(response)
    ~~~~~~~~~~~~~~~~~~~~~~~~~~~~~~~~~^^^^^^^^^^
  File "C:\Users\Christian Redes\AppData\Local\Programs\Python\Python313\Lib\site-packages\selenium\webdriver\remote\errorhandler.py", line 232, in check_response
    raise exception_class(message, screen, stacktrace)
selenium.common.exceptions.InvalidSessionIdException: Message: invalid session id; For documentation on this error, please visit: https://www.selenium.dev/documentation/webdriver/troubleshooting/errors#invalidsessionidexception
Stacktrace:
	chromedriver!GetHandleVerifier [0xdb3353+fd93]
	chromedriver!GetHandleVerifier [0xdb3394+fdd4]
	chromedriver!(No symbol) [0xba905e]
	chromedriver!(No symbol) [0xbe7a75]
	chromedriver!(No symbol) [0xc15736]
	chromedriver!(No symbol) [0xc109a2]
	chromedriver!(No symbol) [0xc10380]
	chromedriver!(No symbol) [0xb7c7c1]
	chromedriver!(No symbol) [0xb7cd63]
	chromedriver!(No symbol) [0xb7d21d]
	chromedriver!GetHandleVerifier [0x104f51a+2abf5a]
	chromedriver!GetHandleVerifier [0x104aa21+2a7461]
	chromedriver!GetHandleVerifier [0xddf374+3bdb4]
	chromedriver!GetHandleVerifier [0xdce036+2aa76]
	chromedriver!GetHandleVerifier [0xdd4efd+3193d]
	chromedriver!(No symbol) [0xb7c470]
	chromedriver!(No symbol) [0xb7bb22]
	chromedriver!GetHandleVerifier [0x11afc3f+40c67f]
	KERNEL32!BaseThreadInitThunk [0x763dfcc9+19]
	ntdll!RtlGetAppContainerNamedObjectPath [0x770082ae+11e]
	ntdll!RtlGetAppContainerNamedObjectPath [0x7700827e+ee]


The above exception was the direct cause of the following exception:

Traceback (most recent call last):
  File "C:\Users\Christian Redes\OneDrive - Grupo MV\Escritorio\Reportes WA con Selenium\MSJ AUTO\mensajes.py", line 150, in ejecutar_automatizacion
    accion(driver)
    ~~~~~~^^^^^^^^
  File "C:\Users\Christian Redes\OneDrive - Grupo MV\Escritorio\Reportes WA con Selenium\MSJ AUTO\mensajes.py", line 210, in accion
    enviar_texto(driver, mensaje)
    ~~~~~~~~~~~~^^^^^^^^^^^^^^^^^
  File "C:\Users\Christian Redes\OneDrive - Grupo MV\Escritorio\Reportes WA con Selenium\MSJ AUTO\mensajes.py", line 103, in enviar_texto
    caja = caja_mensaje(driver)
  File "C:\Users\Christian Redes\OneDrive - Grupo MV\Escritorio\Reportes WA con Selenium\MSJ AUTO\mensajes.py", line 94, in caja_mensaje
    return esperar_elemento_clickable(driver, [
        XPATH_MENSAJE,  # Selector de la versi├│n usada por los scripts originales.
    ...<2 lines>...
        '//div[@contenteditable="true" and @data-tab="10"]',
    ])
  File "C:\Users\Christian Redes\OneDrive - Grupo MV\Escritorio\Reportes WA con Selenium\MSJ AUTO\mensajes.py", line 49, in esperar_elemento_clickable
    raise RuntimeError("WhatsApp Web no mostr├│ el campo esperado.") from ultimo_error
RuntimeError: WhatsApp Web no mostr├│ el campo esperado.

[2026-08-13 10:32:20] Navegador cerrado.
[2026-08-13 10:32:20] Inicio de la automatizaci├│n.
[2026-08-13 10:32:33] ERROR: Traceback (most recent call last):
  File "C:\Users\Christian Redes\OneDrive - Grupo MV\Escritorio\Reportes WA con Selenium\MSJ AUTO\mensajes.py", line 44, in esperar_elemento_clickable
    return WebDriverWait(driver, espera_por_selector).until(
           ~~~~~~~~~~~~~~~~~~~~~~~~~~~~~~~~~~~~~~~~~~~~~~~~^
        EC.element_to_be_clickable((By.XPATH, selector))
        ^^^^^^^^^^^^^^^^^^^^^^^^^^^^^^^^^^^^^^^^^^^^^^^^
    )
    ^
  File "C:\Users\Christian Redes\AppData\Local\Programs\Python\Python313\Lib\site-packages\selenium\webdriver\support\wait.py", line 112, in until
    value = method(self._driver)
  File "C:\Users\Christian Redes\AppData\Local\Programs\Python\Python313\Lib\site-packages\selenium\webdriver\support\expected_conditions.py", line 514, in _predicate
    target = driver.find_element(*target)  # grab element at locator
  File "C:\Users\Christian Redes\AppData\Local\Programs\Python\Python313\Lib\site-packages\selenium\webdriver\remote\webdriver.py", line 823, in find_element
    return self.execute(Command.FIND_ELEMENT, {"using": by, "value": value})["value"]
           ~~~~~~~~~~~~^^^^^^^^^^^^^^^^^^^^^^^^^^^^^^^^^^^^^^^^^^^^^^^^^^^^^
  File "C:\Users\Christian Redes\AppData\Local\Programs\Python\Python313\Lib\site-packages\selenium\webdriver\remote\webdriver.py", line 450, in execute
    self.error_handler.check_response(response)
    ~~~~~~~~~~~~~~~~~~~~~~~~~~~~~~~~~^^^^^^^^^^
  File "C:\Users\Christian Redes\AppData\Local\Programs\Python\Python313\Lib\site-packages\selenium\webdriver\remote\errorhandler.py", line 232, in check_response
    raise exception_class(message, screen, stacktrace)
selenium.common.exceptions.InvalidSessionIdException: Message: invalid session id; For documentation on this error, please visit: https://www.selenium.dev/documentation/webdriver/troubleshooting/errors#invalidsessionidexception
Stacktrace:
	chromedriver!GetHandleVerifier [0xdb3353+fd93]
	chromedriver!GetHandleVerifier [0xdb3394+fdd4]
	chromedriver!(No symbol) [0xba905e]
	chromedriver!(No symbol) [0xbe7a75]
	chromedriver!(No symbol) [0xc15736]
	chromedriver!(No symbol) [0xc109a2]
	chromedriver!(No symbol) [0xc10380]
	chromedriver!(No symbol) [0xb7c7c1]
	chromedriver!(No symbol) [0xb7cd63]
	chromedriver!(No symbol) [0xb7d21d]
	chromedriver!GetHandleVerifier [0x104f51a+2abf5a]
	chromedriver!GetHandleVerifier [0x104aa21+2a7461]
	chromedriver!GetHandleVerifier [0xddf374+3bdb4]
	chromedriver!GetHandleVerifier [0xdce036+2aa76]
	chromedriver!GetHandleVerifier [0xdd4efd+3193d]
	chromedriver!(No symbol) [0xb7c470]
	chromedriver!(No symbol) [0xb7bb22]
	chromedriver!GetHandleVerifier [0x11afc3f+40c67f]
	KERNEL32!BaseThreadInitThunk [0x763dfcc9+19]
	ntdll!RtlGetAppContainerNamedObjectPath [0x770082ae+11e]
	ntdll!RtlGetAppContainerNamedObjectPath [0x7700827e+ee]


The above exception was the direct cause of the following exception:

Traceback (most recent call last):
  File "C:\Users\Christian Redes\OneDrive - Grupo MV\Escritorio\Reportes WA con Selenium\MSJ AUTO\mensajes.py", line 150, in ejecutar_automatizacion
    accion(driver)
    ~~~~~~^^^^^^^^
  File "C:\Users\Christian Redes\OneDrive - Grupo MV\Escritorio\Reportes WA con Selenium\MSJ AUTO\mensajes.py", line 210, in accion
    enviar_texto(driver, mensaje)
    ~~~~~~~~~~~~^^^^^^^^^^^^^^^^^
  File "C:\Users\Christian Redes\OneDrive - Grupo MV\Escritorio\Reportes WA con Selenium\MSJ AUTO\mensajes.py", line 103, in enviar_texto
    caja = caja_mensaje(driver)
  File "C:\Users\Christian Redes\OneDrive - Grupo MV\Escritorio\Reportes WA con Selenium\MSJ AUTO\mensajes.py", line 94, in caja_mensaje
    return esperar_elemento_clickable(driver, [
        XPATH_MENSAJE,  # Selector de la versi├│n usada por los scripts originales.
    ...<2 lines>...
        '//div[@contenteditable="true" and @data-tab="10"]',
    ])
  File "C:\Users\Christian Redes\OneDrive - Grupo MV\Escritorio\Reportes WA con Selenium\MSJ AUTO\mensajes.py", line 49, in esperar_elemento_clickable
    raise RuntimeError("WhatsApp Web no mostr├│ el campo esperado.") from ultimo_error
RuntimeError: WhatsApp Web no mostr├│ el campo esperado.

[2026-08-13 10:32:35] Navegador cerrado.
[2026-08-13 10:35:16] Inicio de la automatizaci├│n.
[2026-08-13 10:35:36] ERROR: Traceback (most recent call last):
  File "C:\Users\Christian Redes\OneDrive - Grupo MV\Escritorio\Reportes WA con Selenium\MSJ AUTO\mensajes.py", line 44, in esperar_elemento_clickable
    return WebDriverWait(driver, espera_por_selector).until(
           ~~~~~~~~~~~~~~~~~~~~~~~~~~~~~~~~~~~~~~~~~~~~~~~~^
        EC.element_to_be_clickable((By.XPATH, selector))
        ^^^^^^^^^^^^^^^^^^^^^^^^^^^^^^^^^^^^^^^^^^^^^^^^
    )
    ^
  File "C:\Users\Christian Redes\AppData\Local\Programs\Python\Python313\Lib\site-packages\selenium\webdriver\support\wait.py", line 112, in until
    value = method(self._driver)
  File "C:\Users\Christian Redes\AppData\Local\Programs\Python\Python313\Lib\site-packages\selenium\webdriver\support\expected_conditions.py", line 514, in _predicate
    target = driver.find_element(*target)  # grab element at locator
  File "C:\Users\Christian Redes\AppData\Local\Programs\Python\Python313\Lib\site-packages\selenium\webdriver\remote\webdriver.py", line 823, in find_element
    return self.execute(Command.FIND_ELEMENT, {"using": by, "value": value})["value"]
           ~~~~~~~~~~~~^^^^^^^^^^^^^^^^^^^^^^^^^^^^^^^^^^^^^^^^^^^^^^^^^^^^^
  File "C:\Users\Christian Redes\AppData\Local\Programs\Python\Python313\Lib\site-packages\selenium\webdriver\remote\webdriver.py", line 450, in execute
    self.error_handler.check_response(response)
    ~~~~~~~~~~~~~~~~~~~~~~~~~~~~~~~~~^^^^^^^^^^
  File "C:\Users\Christian Redes\AppData\Local\Programs\Python\Python313\Lib\site-packages\selenium\webdriver\remote\errorhandler.py", line 232, in check_response
    raise exception_class(message, screen, stacktrace)
selenium.common.exceptions.NoSuchWindowException: Message: no such window: target window already closed
from unknown error: web view not found
  (Session info: chrome=151.0.7922.109)
Stacktrace:
	chromedriver!GetHandleVerifier [0xdb3353+fd93]
	chromedriver!GetHandleVerifier [0xdb3394+fdd4]
	chromedriver!(No symbol) [0xba9220]
	chromedriver!(No symbol) [0xb881d3]
	chromedriver!(No symbol) [0xc1bf8b]
	chromedriver!(No symbol) [0xc32e29]
	chromedriver!(No symbol) [0xc15616]
	chromedriver!(No symbol) [0xbe87e9]
	chromedriver!(No symbol) [0xbe95b4]
	chromedriver!GetHandleVerifier [0x104f51a+2abf5a]
	chromedriver!GetHandleVerifier [0x104aa21+2a7461]
	chromedriver!GetHandleVerifier [0xddf374+3bdb4]
	chromedriver!GetHandleVerifier [0xdce036+2aa76]
	chromedriver!GetHandleVerifier [0xdd4efd+3193d]
	chromedriver!GetHandleVerifier [0xdbc8a8+192e8]
	chromedriver!GetHandleVerifier [0xdbca55+19495]
	chromedriver!GetHandleVerifier [0xda53ff+1e3f]
	KERNEL32!BaseThreadInitThunk [0x763dfcc9+19]
	ntdll!RtlGetAppContainerNamedObjectPath [0x770082ae+11e]
	ntdll!RtlGetAppContainerNamedObjectPath [0x7700827e+ee]


The above exception was the direct cause of the following exception:

Traceback (most recent call last):
  File "C:\Users\Christian Redes\OneDrive - Grupo MV\Escritorio\Reportes WA con Selenium\MSJ AUTO\mensajes.py", line 150, in ejecutar_automatizacion
    accion(driver)
    ~~~~~~^^^^^^^^
  File "C:\Users\Christian Redes\OneDrive - Grupo MV\Escritorio\Reportes WA con Selenium\MSJ AUTO\mensajes.py", line 210, in accion
    enviar_texto(driver, mensaje)
    ~~~~~~~~~~~~^^^^^^^^^^^^^^^^^
  File "C:\Users\Christian Redes\OneDrive - Grupo MV\Escritorio\Reportes WA con Selenium\MSJ AUTO\mensajes.py", line 103, in enviar_texto
    caja = caja_mensaje(driver)
  File "C:\Users\Christian Redes\OneDrive - Grupo MV\Escritorio\Reportes WA con Selenium\MSJ AUTO\mensajes.py", line 94, in caja_mensaje
    return esperar_elemento_clickable(driver, [
        XPATH_MENSAJE,  # Selector de la versi├│n usada por los scripts originales.
    ...<2 lines>...
        '//div[@contenteditable="true" and @data-tab="10"]',
    ])
  File "C:\Users\Christian Redes\OneDrive - Grupo MV\Escritorio\Reportes WA con Selenium\MSJ AUTO\mensajes.py", line 49, in esperar_elemento_clickable
    raise RuntimeError("WhatsApp Web no mostr├│ el campo esperado.") from ultimo_error
RuntimeError: WhatsApp Web no mostr├│ el campo esperado.

[2026-08-13 10:35:38] Navegador cerrado.
[2026-08-13 10:35:38] Inicio de la automatizaci├│n.
[2026-08-13 10:36:21] ERROR: Traceback (most recent call last):
  File "C:\Users\Christian Redes\OneDrive - Grupo MV\Escritorio\Reportes WA con Selenium\MSJ AUTO\mensajes.py", line 44, in esperar_elemento_clickable
    return WebDriverWait(driver, espera_por_selector).until(
           ~~~~~~~~~~~~~~~~~~~~~~~~~~~~~~~~~~~~~~~~~~~~~~~~^
        EC.element_to_be_clickable((By.XPATH, selector))
        ^^^^^^^^^^^^^^^^^^^^^^^^^^^^^^^^^^^^^^^^^^^^^^^^
    )
    ^
  File "C:\Users\Christian Redes\AppData\Local\Programs\Python\Python313\Lib\site-packages\selenium\webdriver\support\wait.py", line 121, in until
    raise TimeoutException(message, screen, stacktrace)
selenium.common.exceptions.TimeoutException: Message: 
Stacktrace:
	chromedriver!GetHandleVerifier [0xdb3353+fd93]
	chromedriver!GetHandleVerifier [0xdb3394+fdd4]
	chromedriver!(No symbol) [0xba9220]
	chromedriver!(No symbol) [0xbf32fb]
	chromedriver!(No symbol) [0xbf351b]
	chromedriver!(No symbol) [0xc35b82]
	chromedriver!(No symbol) [0xc158c4]
	chromedriver!(No symbol) [0xc334d9]
	chromedriver!(No symbol) [0xc15616]
	chromedriver!(No symbol) [0xbe87e9]
	chromedriver!(No symbol) [0xbe95b4]
	chromedriver!GetHandleVerifier [0x104f51a+2abf5a]
	chromedriver!GetHandleVerifier [0x104aa21+2a7461]
	chromedriver!GetHandleVerifier [0xddf374+3bdb4]
	chromedriver!GetHandleVerifier [0xdce036+2aa76]
	chromedriver!GetHandleVerifier [0xdd4efd+3193d]
	chromedriver!GetHandleVerifier [0xdbc8a8+192e8]
	chromedriver!GetHandleVerifier [0xdbca55+19495]
	chromedriver!GetHandleVerifier [0xda53ff+1e3f]
	KERNEL32!BaseThreadInitThunk [0x763dfcc9+19]
	ntdll!RtlGetAppContainerNamedObjectPath [0x770082ae+11e]
	ntdll!RtlGetAppContainerNamedObjectPath [0x7700827e+ee]


The above exception was the direct cause of the following exception:

Traceback (most recent call last):
  File "C:\Users\Christian Redes\OneDrive - Grupo MV\Escritorio\Reportes WA con Selenium\MSJ AUTO\mensajes.py", line 150, in ejecutar_automatizacion
    accion(driver)
    ~~~~~~^^^^^^^^
  File "C:\Users\Christian Redes\OneDrive - Grupo MV\Escritorio\Reportes WA con Selenium\MSJ AUTO\mensajes.py", line 210, in accion
    enviar_texto(driver, mensaje)
    ~~~~~~~~~~~~^^^^^^^^^^^^^^^^^
  File "C:\Users\Christian Redes\OneDrive - Grupo MV\Escritorio\Reportes WA con Selenium\MSJ AUTO\mensajes.py", line 103, in enviar_texto
    caja = caja_mensaje(driver)
  File "C:\Users\Christian Redes\OneDrive - Grupo MV\Escritorio\Reportes WA con Selenium\MSJ AUTO\mensajes.py", line 94, in caja_mensaje
    return esperar_elemento_clickable(driver, [
        XPATH_MENSAJE,  # Selector de la versi├│n usada por los scripts originales.
    ...<2 lines>...
        '//div[@contenteditable="true" and @data-tab="10"]',
    ])
  File "C:\Users\Christian Redes\OneDrive - Grupo MV\Escritorio\Reportes WA con Selenium\MSJ AUTO\mensajes.py", line 49, in esperar_elemento_clickable
    raise RuntimeError("WhatsApp Web no mostr├│ el campo esperado.") from ultimo_error
RuntimeError: WhatsApp Web no mostr├│ el campo esperado.

[2026-08-13 10:36:23] Navegador cerrado.
[2026-08-13 10:37:32] Inicio de la automatización.
[2026-08-13 10:38:31] ERROR: Traceback (most recent call last):
  File "C:\Users\Christian Redes\OneDrive - Grupo MV\Escritorio\Reportes WA con Selenium\MSJ AUTO\mensajes.py", line 45, in esperar_elemento_clickable
    return WebDriverWait(driver, espera_por_selector).until(
           ~~~~~~~~~~~~~~~~~~~~~~~~~~~~~~~~~~~~~~~~~~~~~~~~^
        EC.element_to_be_clickable((By.XPATH, selector))
        ^^^^^^^^^^^^^^^^^^^^^^^^^^^^^^^^^^^^^^^^^^^^^^^^
    )
    ^
  File "C:\Users\Christian Redes\AppData\Local\Programs\Python\Python313\Lib\site-packages\selenium\webdriver\support\wait.py", line 112, in until
    value = method(self._driver)
  File "C:\Users\Christian Redes\AppData\Local\Programs\Python\Python313\Lib\site-packages\selenium\webdriver\support\expected_conditions.py", line 514, in _predicate
    target = driver.find_element(*target)  # grab element at locator
  File "C:\Users\Christian Redes\AppData\Local\Programs\Python\Python313\Lib\site-packages\selenium\webdriver\remote\webdriver.py", line 823, in find_element
    return self.execute(Command.FIND_ELEMENT, {"using": by, "value": value})["value"]
           ~~~~~~~~~~~~^^^^^^^^^^^^^^^^^^^^^^^^^^^^^^^^^^^^^^^^^^^^^^^^^^^^^
  File "C:\Users\Christian Redes\AppData\Local\Programs\Python\Python313\Lib\site-packages\selenium\webdriver\remote\webdriver.py", line 450, in execute
    self.error_handler.check_response(response)
    ~~~~~~~~~~~~~~~~~~~~~~~~~~~~~~~~~^^^^^^^^^^
  File "C:\Users\Christian Redes\AppData\Local\Programs\Python\Python313\Lib\site-packages\selenium\webdriver\remote\errorhandler.py", line 232, in check_response
    raise exception_class(message, screen, stacktrace)
selenium.common.exceptions.NoSuchWindowException: Message: no such window: target window already closed
from unknown error: web view not found
  (Session info: chrome=151.0.7922.109)
Stacktrace:
	chromedriver!GetHandleVerifier [0xdb3353+fd93]
	chromedriver!GetHandleVerifier [0xdb3394+fdd4]
	chromedriver!(No symbol) [0xba9220]
	chromedriver!(No symbol) [0xb881d3]
	chromedriver!(No symbol) [0xc1bf8b]
	chromedriver!(No symbol) [0xc32e29]
	chromedriver!(No symbol) [0xc15616]
	chromedriver!(No symbol) [0xbe87e9]
	chromedriver!(No symbol) [0xbe95b4]
	chromedriver!GetHandleVerifier [0x104f51a+2abf5a]
	chromedriver!GetHandleVerifier [0x104aa21+2a7461]
	chromedriver!GetHandleVerifier [0xddf374+3bdb4]
	chromedriver!GetHandleVerifier [0xdce036+2aa76]
	chromedriver!GetHandleVerifier [0xdd4efd+3193d]
	chromedriver!GetHandleVerifier [0xdbc8a8+192e8]
	chromedriver!GetHandleVerifier [0xdbca55+19495]
	chromedriver!GetHandleVerifier [0xda53ff+1e3f]
	KERNEL32!BaseThreadInitThunk [0x763dfcc9+19]
	ntdll!RtlGetAppContainerNamedObjectPath [0x770082ae+11e]
	ntdll!RtlGetAppContainerNamedObjectPath [0x7700827e+ee]


The above exception was the direct cause of the following exception:

Traceback (most recent call last):
  File "C:\Users\Christian Redes\OneDrive - Grupo MV\Escritorio\Reportes WA con Selenium\MSJ AUTO\mensajes.py", line 208, in ejecutar_automatizacion
    accion(driver)
    ~~~~~~^^^^^^^^
  File "C:\Users\Christian Redes\OneDrive - Grupo MV\Escritorio\Reportes WA con Selenium\MSJ AUTO\mensajes.py", line 312, in accion
    enviar_texto(driver, mensaje)
    ~~~~~~~~~~~~^^^^^^^^^^^^^^^^^
  File "C:\Users\Christian Redes\OneDrive - Grupo MV\Escritorio\Reportes WA con Selenium\MSJ AUTO\mensajes.py", line 134, in enviar_texto
    caja = caja_mensaje(driver)
  File "C:\Users\Christian Redes\OneDrive - Grupo MV\Escritorio\Reportes WA con Selenium\MSJ AUTO\mensajes.py", line 122, in caja_mensaje
    return esperar_elemento_clickable(
        driver,
    ...<5 lines>...
        ]
    )
  File "C:\Users\Christian Redes\OneDrive - Grupo MV\Escritorio\Reportes WA con Selenium\MSJ AUTO\mensajes.py", line 51, in esperar_elemento_clickable
    raise RuntimeError(
        "WhatsApp Web no mostró el campo esperado."
    ) from ultimo_error
RuntimeError: WhatsApp Web no mostró el campo esperado.

[2026-08-13 10:38:33] Navegador cerrado.
[2026-08-13 10:39:50] Inicio de la automatización.
[2026-08-13 10:40:03] Mensaje(s) enviado(s) correctamente.
[2026-08-13 10:40:06] Navegador cerrado.
[2026-08-13 11:57:59] Inicio de la automatización.
[2026-08-13 11:58:38] ERROR: Traceback (most recent call last):
  File "C:\Users\Christian Redes\OneDrive - Grupo MV\Escritorio\Reportes WA con Selenium\MSJ AUTO\mensajes.py", line 45, in esperar_elemento_clickable
    return WebDriverWait(driver, espera_por_selector).until(
           ~~~~~~~~~~~~~~~~~~~~~~~~~~~~~~~~~~~~~~~~~~~~~~~~^
        EC.element_to_be_clickable((By.XPATH, selector))
        ^^^^^^^^^^^^^^^^^^^^^^^^^^^^^^^^^^^^^^^^^^^^^^^^
    )
    ^
  File "C:\Users\Christian Redes\AppData\Local\Programs\Python\Python313\Lib\site-packages\selenium\webdriver\support\wait.py", line 121, in until
    raise TimeoutException(message, screen, stacktrace)
selenium.common.exceptions.TimeoutException: Message: 
Stacktrace:
	chromedriver!GetHandleVerifier [0xdb3353+fd93]
	chromedriver!GetHandleVerifier [0xdb3394+fdd4]
	chromedriver!(No symbol) [0xba9220]
	chromedriver!(No symbol) [0xbf32fb]
	chromedriver!(No symbol) [0xbf351b]
	chromedriver!(No symbol) [0xc35b82]
	chromedriver!(No symbol) [0xc158c4]
	chromedriver!(No symbol) [0xc334d9]
	chromedriver!(No symbol) [0xc15616]
	chromedriver!(No symbol) [0xbe87e9]
	chromedriver!(No symbol) [0xbe95b4]
	chromedriver!GetHandleVerifier [0x104f51a+2abf5a]
	chromedriver!GetHandleVerifier [0x104aa21+2a7461]
	chromedriver!GetHandleVerifier [0xddf374+3bdb4]
	chromedriver!GetHandleVerifier [0xdce036+2aa76]
	chromedriver!GetHandleVerifier [0xdd4efd+3193d]
	chromedriver!GetHandleVerifier [0xdbc8a8+192e8]
	chromedriver!GetHandleVerifier [0xdbca55+19495]
	chromedriver!GetHandleVerifier [0xda53ff+1e3f]
	KERNEL32!BaseThreadInitThunk [0x763dfcc9+19]
	ntdll!RtlGetAppContainerNamedObjectPath [0x770082ae+11e]
	ntdll!RtlGetAppContainerNamedObjectPath [0x7700827e+ee]


The above exception was the direct cause of the following exception:

Traceback (most recent call last):
  File "C:\Users\Christian Redes\OneDrive - Grupo MV\Escritorio\Reportes WA con Selenium\MSJ AUTO\mensajes.py", line 208, in ejecutar_automatizacion
    accion(driver)
    ~~~~~~^^^^^^^^
  File "C:\Users\Christian Redes\OneDrive - Grupo MV\Escritorio\Reportes WA con Selenium\MSJ AUTO\mensajes.py", line 323, in <lambda>
    abrir_grupo(driver),
    ~~~~~~~~~~~^^^^^^^^
  File "C:\Users\Christian Redes\OneDrive - Grupo MV\Escritorio\Reportes WA con Selenium\MSJ AUTO\mensajes.py", line 88, in abrir_grupo
    buscador = esperar_elemento_clickable(
        driver,
    ...<4 lines>...
        ]
    )
  File "C:\Users\Christian Redes\OneDrive - Grupo MV\Escritorio\Reportes WA con Selenium\MSJ AUTO\mensajes.py", line 51, in esperar_elemento_clickable
    raise RuntimeError(
        "WhatsApp Web no mostró el campo esperado."
    ) from ultimo_error
RuntimeError: WhatsApp Web no mostró el campo esperado.

[2026-08-13 11:58:40] Navegador cerrado.
[2026-08-13 11:59:46] Inicio de la automatización.
[2026-08-13 12:00:24] ERROR: Traceback (most recent call last):
  File "C:\Users\Christian Redes\OneDrive - Grupo MV\Escritorio\Reportes WA con Selenium\MSJ AUTO\mensajes.py", line 45, in esperar_elemento_clickable
    return WebDriverWait(driver, espera_por_selector).until(
           ~~~~~~~~~~~~~~~~~~~~~~~~~~~~~~~~~~~~~~~~~~~~~~~~^
        EC.element_to_be_clickable((By.XPATH, selector))
        ^^^^^^^^^^^^^^^^^^^^^^^^^^^^^^^^^^^^^^^^^^^^^^^^
    )
    ^
  File "C:\Users\Christian Redes\AppData\Local\Programs\Python\Python313\Lib\site-packages\selenium\webdriver\support\wait.py", line 121, in until
    raise TimeoutException(message, screen, stacktrace)
selenium.common.exceptions.TimeoutException: Message: 
Stacktrace:
	chromedriver!GetHandleVerifier [0xdb3353+fd93]
	chromedriver!GetHandleVerifier [0xdb3394+fdd4]
	chromedriver!(No symbol) [0xba9220]
	chromedriver!(No symbol) [0xbf32fb]
	chromedriver!(No symbol) [0xbf351b]
	chromedriver!(No symbol) [0xc35b82]
	chromedriver!(No symbol) [0xc158c4]
	chromedriver!(No symbol) [0xc334d9]
	chromedriver!(No symbol) [0xc15616]
	chromedriver!(No symbol) [0xbe87e9]
	chromedriver!(No symbol) [0xbe95b4]
	chromedriver!GetHandleVerifier [0x104f51a+2abf5a]
	chromedriver!GetHandleVerifier [0x104aa21+2a7461]
	chromedriver!GetHandleVerifier [0xddf374+3bdb4]
	chromedriver!GetHandleVerifier [0xdce036+2aa76]
	chromedriver!GetHandleVerifier [0xdd4efd+3193d]
	chromedriver!GetHandleVerifier [0xdbc8a8+192e8]
	chromedriver!GetHandleVerifier [0xdbca55+19495]
	chromedriver!GetHandleVerifier [0xda53ff+1e3f]
	KERNEL32!BaseThreadInitThunk [0x763dfcc9+19]
	ntdll!RtlGetAppContainerNamedObjectPath [0x770082ae+11e]
	ntdll!RtlGetAppContainerNamedObjectPath [0x7700827e+ee]


The above exception was the direct cause of the following exception:

Traceback (most recent call last):
  File "C:\Users\Christian Redes\OneDrive - Grupo MV\Escritorio\Reportes WA con Selenium\MSJ AUTO\mensajes.py", line 208, in ejecutar_automatizacion
    accion(driver)
    ~~~~~~^^^^^^^^
  File "C:\Users\Christian Redes\OneDrive - Grupo MV\Escritorio\Reportes WA con Selenium\MSJ AUTO\mensajes.py", line 323, in <lambda>
    abrir_grupo(driver),
    ~~~~~~~~~~~^^^^^^^^
  File "C:\Users\Christian Redes\OneDrive - Grupo MV\Escritorio\Reportes WA con Selenium\MSJ AUTO\mensajes.py", line 88, in abrir_grupo
    buscador = esperar_elemento_clickable(
        driver,
    ...<4 lines>...
        ]
    )
  File "C:\Users\Christian Redes\OneDrive - Grupo MV\Escritorio\Reportes WA con Selenium\MSJ AUTO\mensajes.py", line 51, in esperar_elemento_clickable
    raise RuntimeError(
        "WhatsApp Web no mostró el campo esperado."
    ) from ultimo_error
RuntimeError: WhatsApp Web no mostró el campo esperado.

[2026-08-13 12:00:27] Navegador cerrado.
[2026-08-13 12:00:33] Inicio de la automatización.
[2026-08-13 12:01:10] ERROR: Traceback (most recent call last):
  File "C:\Users\Christian Redes\OneDrive - Grupo MV\Escritorio\Reportes WA con Selenium\MSJ AUTO\mensajes.py", line 45, in esperar_elemento_clickable
    return WebDriverWait(driver, espera_por_selector).until(
           ~~~~~~~~~~~~~~~~~~~~~~~~~~~~~~~~~~~~~~~~~~~~~~~~^
        EC.element_to_be_clickable((By.XPATH, selector))
        ^^^^^^^^^^^^^^^^^^^^^^^^^^^^^^^^^^^^^^^^^^^^^^^^
    )
    ^
  File "C:\Users\Christian Redes\AppData\Local\Programs\Python\Python313\Lib\site-packages\selenium\webdriver\support\wait.py", line 121, in until
    raise TimeoutException(message, screen, stacktrace)
selenium.common.exceptions.TimeoutException: Message: 
Stacktrace:
	chromedriver!GetHandleVerifier [0xdb3353+fd93]
	chromedriver!GetHandleVerifier [0xdb3394+fdd4]
	chromedriver!(No symbol) [0xba9220]
	chromedriver!(No symbol) [0xbf32fb]
	chromedriver!(No symbol) [0xbf351b]
	chromedriver!(No symbol) [0xc35b82]
	chromedriver!(No symbol) [0xc158c4]
	chromedriver!(No symbol) [0xc334d9]
	chromedriver!(No symbol) [0xc15616]
	chromedriver!(No symbol) [0xbe87e9]
	chromedriver!(No symbol) [0xbe95b4]
	chromedriver!GetHandleVerifier [0x104f51a+2abf5a]
	chromedriver!GetHandleVerifier [0x104aa21+2a7461]
	chromedriver!GetHandleVerifier [0xddf374+3bdb4]
	chromedriver!GetHandleVerifier [0xdce036+2aa76]
	chromedriver!GetHandleVerifier [0xdd4efd+3193d]
	chromedriver!GetHandleVerifier [0xdbc8a8+192e8]
	chromedriver!GetHandleVerifier [0xdbca55+19495]
	chromedriver!GetHandleVerifier [0xda53ff+1e3f]
	KERNEL32!BaseThreadInitThunk [0x763dfcc9+19]
	ntdll!RtlGetAppContainerNamedObjectPath [0x770082ae+11e]
	ntdll!RtlGetAppContainerNamedObjectPath [0x7700827e+ee]


The above exception was the direct cause of the following exception:

Traceback (most recent call last):
  File "C:\Users\Christian Redes\OneDrive - Grupo MV\Escritorio\Reportes WA con Selenium\MSJ AUTO\mensajes.py", line 208, in ejecutar_automatizacion
    accion(driver)
    ~~~~~~^^^^^^^^
  File "C:\Users\Christian Redes\OneDrive - Grupo MV\Escritorio\Reportes WA con Selenium\MSJ AUTO\mensajes.py", line 323, in <lambda>
    abrir_grupo(driver),
    ~~~~~~~~~~~^^^^^^^^
  File "C:\Users\Christian Redes\OneDrive - Grupo MV\Escritorio\Reportes WA con Selenium\MSJ AUTO\mensajes.py", line 88, in abrir_grupo
    buscador = esperar_elemento_clickable(
        driver,
    ...<4 lines>...
        ]
    )
  File "C:\Users\Christian Redes\OneDrive - Grupo MV\Escritorio\Reportes WA con Selenium\MSJ AUTO\mensajes.py", line 51, in esperar_elemento_clickable
    raise RuntimeError(
        "WhatsApp Web no mostró el campo esperado."
    ) from ultimo_error
RuntimeError: WhatsApp Web no mostró el campo esperado.

[2026-08-13 12:01:13] Navegador cerrado.
[2026-08-13 12:01:36] Inicio de la automatización.
[2026-08-13 12:02:14] ERROR: Traceback (most recent call last):
  File "C:\Users\Christian Redes\OneDrive - Grupo MV\Escritorio\Reportes WA con Selenium\MSJ AUTO\mensajes.py", line 45, in esperar_elemento_clickable
    return WebDriverWait(driver, espera_por_selector).until(
           ~~~~~~~~~~~~~~~~~~~~~~~~~~~~~~~~~~~~~~~~~~~~~~~~^
        EC.element_to_be_clickable((By.XPATH, selector))
        ^^^^^^^^^^^^^^^^^^^^^^^^^^^^^^^^^^^^^^^^^^^^^^^^
    )
    ^
  File "C:\Users\Christian Redes\AppData\Local\Programs\Python\Python313\Lib\site-packages\selenium\webdriver\support\wait.py", line 112, in until
    value = method(self._driver)
  File "C:\Users\Christian Redes\AppData\Local\Programs\Python\Python313\Lib\site-packages\selenium\webdriver\support\expected_conditions.py", line 514, in _predicate
    target = driver.find_element(*target)  # grab element at locator
  File "C:\Users\Christian Redes\AppData\Local\Programs\Python\Python313\Lib\site-packages\selenium\webdriver\remote\webdriver.py", line 823, in find_element
    return self.execute(Command.FIND_ELEMENT, {"using": by, "value": value})["value"]
           ~~~~~~~~~~~~^^^^^^^^^^^^^^^^^^^^^^^^^^^^^^^^^^^^^^^^^^^^^^^^^^^^^
  File "C:\Users\Christian Redes\AppData\Local\Programs\Python\Python313\Lib\site-packages\selenium\webdriver\remote\webdriver.py", line 450, in execute
    self.error_handler.check_response(response)
    ~~~~~~~~~~~~~~~~~~~~~~~~~~~~~~~~~^^^^^^^^^^
  File "C:\Users\Christian Redes\AppData\Local\Programs\Python\Python313\Lib\site-packages\selenium\webdriver\remote\errorhandler.py", line 232, in check_response
    raise exception_class(message, screen, stacktrace)
selenium.common.exceptions.InvalidSessionIdException: Message: invalid session id: session deleted as the browser has closed the connection
from disconnected: not connected to DevTools
  (Session info: chrome=151.0.7922.109); For documentation on this error, please visit: https://www.selenium.dev/documentation/webdriver/troubleshooting/errors#invalidsessionidexception
Stacktrace:
	chromedriver!GetHandleVerifier [0xdb3353+fd93]
	chromedriver!GetHandleVerifier [0xdb3394+fdd4]
	chromedriver!(No symbol) [0xba9220]
	chromedriver!(No symbol) [0xb9855e]
	chromedriver!(No symbol) [0xbb6ba9]
	chromedriver!(No symbol) [0xc1c16d]
	chromedriver!(No symbol) [0xc32e29]
	chromedriver!(No symbol) [0xc15616]
	chromedriver!(No symbol) [0xbe87e9]
	chromedriver!(No symbol) [0xbe95b4]
	chromedriver!GetHandleVerifier [0x104f51a+2abf5a]
	chromedriver!GetHandleVerifier [0x104aa21+2a7461]
	chromedriver!GetHandleVerifier [0xddf374+3bdb4]
	chromedriver!GetHandleVerifier [0xdce036+2aa76]
	chromedriver!GetHandleVerifier [0xdd4efd+3193d]
	chromedriver!GetHandleVerifier [0xdbc8a8+192e8]
	chromedriver!GetHandleVerifier [0xdbca55+19495]
	chromedriver!GetHandleVerifier [0xda53ff+1e3f]
	KERNEL32!BaseThreadInitThunk [0x763dfcc9+19]
	ntdll!RtlGetAppContainerNamedObjectPath [0x770082ae+11e]
	ntdll!RtlGetAppContainerNamedObjectPath [0x7700827e+ee]


The above exception was the direct cause of the following exception:

Traceback (most recent call last):
  File "C:\Users\Christian Redes\OneDrive - Grupo MV\Escritorio\Reportes WA con Selenium\MSJ AUTO\mensajes.py", line 208, in ejecutar_automatizacion
    accion(driver)
    ~~~~~~^^^^^^^^
  File "C:\Users\Christian Redes\OneDrive - Grupo MV\Escritorio\Reportes WA con Selenium\MSJ AUTO\mensajes.py", line 323, in <lambda>
    abrir_grupo(driver),
    ~~~~~~~~~~~^^^^^^^^
  File "C:\Users\Christian Redes\OneDrive - Grupo MV\Escritorio\Reportes WA con Selenium\MSJ AUTO\mensajes.py", line 88, in abrir_grupo
    buscador = esperar_elemento_clickable(
        driver,
    ...<4 lines>...
        ]
    )
  File "C:\Users\Christian Redes\OneDrive - Grupo MV\Escritorio\Reportes WA con Selenium\MSJ AUTO\mensajes.py", line 51, in esperar_elemento_clickable
    raise RuntimeError(
        "WhatsApp Web no mostró el campo esperado."
    ) from ultimo_error
RuntimeError: WhatsApp Web no mostró el campo esperado.

[2026-08-13 12:02:16] Navegador cerrado.
[2026-08-13 12:02:40] Inicio de la automatización.
[2026-08-13 12:03:01] Mensaje(s) enviado(s) correctamente.
[2026-08-13 12:03:03] Navegador cerrado.
[2026-08-13 12:57:02] Inicio de la automatización.
[2026-08-13 12:57:26] Mensaje(s) enviado(s) correctamente.
[2026-08-13 12:57:29] Navegador cerrado.
[2026-08-13 14:06:39] Inicio de la automatización.
[2026-08-13 14:11:02] Mensaje(s) enviado(s) correctamente.
[2026-08-13 14:11:04] Navegador cerrado.
[2026-08-13 16:45:02] Inicio de la automatización.
[2026-08-13 16:45:54] Mensaje(s) enviado(s) correctamente.
[2026-08-13 16:45:57] Navegador cerrado.
[2026-08-13 17:00:01] Inicio de la automatización.
[2026-08-13 17:00:28] Mensaje(s) enviado(s) correctamente.
[2026-08-13 17:00:30] Navegador cerrado.
[2026-08-14 06:55:01] Inicio de la automatización.
[2026-08-14 06:55:40] ERROR: Traceback (most recent call last):
  File "C:\Users\Christian Redes\OneDrive - Grupo MV\Escritorio\Reportes WA con Selenium\MSJ AUTO\mensajes.py", line 45, in esperar_elemento_clickable
    return WebDriverWait(driver, espera_por_selector).until(
           ~~~~~~~~~~~~~~~~~~~~~~~~~~~~~~~~~~~~~~~~~~~~~~~~^
        EC.element_to_be_clickable((By.XPATH, selector))
        ^^^^^^^^^^^^^^^^^^^^^^^^^^^^^^^^^^^^^^^^^^^^^^^^
    )
    ^
  File "C:\Users\Christian Redes\AppData\Local\Programs\Python\Python313\Lib\site-packages\selenium\webdriver\support\wait.py", line 121, in until
    raise TimeoutException(message, screen, stacktrace)
selenium.common.exceptions.TimeoutException: Message: 
Stacktrace:
	chromedriver!GetHandleVerifier [0xe43353+fd93]
	chromedriver!GetHandleVerifier [0xe43394+fdd4]
	chromedriver!(No symbol) [0xc39220]
	chromedriver!(No symbol) [0xc832fb]
	chromedriver!(No symbol) [0xc8351b]
	chromedriver!(No symbol) [0xcc5b82]
	chromedriver!(No symbol) [0xca58c4]
	chromedriver!(No symbol) [0xcc34d9]
	chromedriver!(No symbol) [0xca5616]
	chromedriver!(No symbol) [0xc787e9]
	chromedriver!(No symbol) [0xc795b4]
	chromedriver!GetHandleVerifier [0x10df51a+2abf5a]
	chromedriver!GetHandleVerifier [0x10daa21+2a7461]
	chromedriver!GetHandleVerifier [0xe6f374+3bdb4]
	chromedriver!GetHandleVerifier [0xe5e036+2aa76]
	chromedriver!GetHandleVerifier [0xe64efd+3193d]
	chromedriver!GetHandleVerifier [0xe4c8a8+192e8]
	chromedriver!GetHandleVerifier [0xe4ca55+19495]
	chromedriver!GetHandleVerifier [0xe353ff+1e3f]
	KERNEL32!BaseThreadInitThunk [0x76a4fcc9+19]
	ntdll!RtlGetAppContainerNamedObjectPath [0x776582ae+11e]
	ntdll!RtlGetAppContainerNamedObjectPath [0x7765827e+ee]


The above exception was the direct cause of the following exception:

Traceback (most recent call last):
  File "C:\Users\Christian Redes\OneDrive - Grupo MV\Escritorio\Reportes WA con Selenium\MSJ AUTO\mensajes.py", line 208, in ejecutar_automatizacion
    accion(driver)
    ~~~~~~^^^^^^^^
  File "C:\Users\Christian Redes\OneDrive - Grupo MV\Escritorio\Reportes WA con Selenium\MSJ AUTO\mensajes.py", line 242, in accion
    abrir_grupo(driver)
    ~~~~~~~~~~~^^^^^^^^
  File "C:\Users\Christian Redes\OneDrive - Grupo MV\Escritorio\Reportes WA con Selenium\MSJ AUTO\mensajes.py", line 88, in abrir_grupo
    buscador = esperar_elemento_clickable(
        driver,
    ...<4 lines>...
        ]
    )
  File "C:\Users\Christian Redes\OneDrive - Grupo MV\Escritorio\Reportes WA con Selenium\MSJ AUTO\mensajes.py", line 51, in esperar_elemento_clickable
    raise RuntimeError(
        "WhatsApp Web no mostró el campo esperado."
    ) from ultimo_error
RuntimeError: WhatsApp Web no mostró el campo esperado.

[2026-08-14 06:55:42] Navegador cerrado.
[2026-08-14 07:00:03] Inicio de la automatización.
[2026-08-14 07:00:40] ERROR: Traceback (most recent call last):
  File "C:\Users\Christian Redes\OneDrive - Grupo MV\Escritorio\Reportes WA con Selenium\MSJ AUTO\mensajes.py", line 45, in esperar_elemento_clickable
    return WebDriverWait(driver, espera_por_selector).until(
           ~~~~~~~~~~~~~~~~~~~~~~~~~~~~~~~~~~~~~~~~~~~~~~~~^
        EC.element_to_be_clickable((By.XPATH, selector))
        ^^^^^^^^^^^^^^^^^^^^^^^^^^^^^^^^^^^^^^^^^^^^^^^^
    )
    ^
  File "C:\Users\Christian Redes\AppData\Local\Programs\Python\Python313\Lib\site-packages\selenium\webdriver\support\wait.py", line 121, in until
    raise TimeoutException(message, screen, stacktrace)
selenium.common.exceptions.TimeoutException: Message: 
Stacktrace:
	chromedriver!GetHandleVerifier [0xe43353+fd93]
	chromedriver!GetHandleVerifier [0xe43394+fdd4]
	chromedriver!(No symbol) [0xc39220]
	chromedriver!(No symbol) [0xc832fb]
	chromedriver!(No symbol) [0xc8351b]
	chromedriver!(No symbol) [0xcc5b82]
	chromedriver!(No symbol) [0xca58c4]
	chromedriver!(No symbol) [0xcc34d9]
	chromedriver!(No symbol) [0xca5616]
	chromedriver!(No symbol) [0xc787e9]
	chromedriver!(No symbol) [0xc795b4]
	chromedriver!GetHandleVerifier [0x10df51a+2abf5a]
	chromedriver!GetHandleVerifier [0x10daa21+2a7461]
	chromedriver!GetHandleVerifier [0xe6f374+3bdb4]
	chromedriver!GetHandleVerifier [0xe5e036+2aa76]
	chromedriver!GetHandleVerifier [0xe64efd+3193d]
	chromedriver!GetHandleVerifier [0xe4c8a8+192e8]
	chromedriver!GetHandleVerifier [0xe4ca55+19495]
	chromedriver!GetHandleVerifier [0xe353ff+1e3f]
	KERNEL32!BaseThreadInitThunk [0x76a4fcc9+19]
	ntdll!RtlGetAppContainerNamedObjectPath [0x776582ae+11e]
	ntdll!RtlGetAppContainerNamedObjectPath [0x7765827e+ee]


The above exception was the direct cause of the following exception:

Traceback (most recent call last):
  File "C:\Users\Christian Redes\OneDrive - Grupo MV\Escritorio\Reportes WA con Selenium\MSJ AUTO\mensajes.py", line 208, in ejecutar_automatizacion
    accion(driver)
    ~~~~~~^^^^^^^^
  File "C:\Users\Christian Redes\OneDrive - Grupo MV\Escritorio\Reportes WA con Selenium\MSJ AUTO\mensajes.py", line 242, in accion
    abrir_grupo(driver)
    ~~~~~~~~~~~^^^^^^^^
  File "C:\Users\Christian Redes\OneDrive - Grupo MV\Escritorio\Reportes WA con Selenium\MSJ AUTO\mensajes.py", line 88, in abrir_grupo
    buscador = esperar_elemento_clickable(
        driver,
    ...<4 lines>...
        ]
    )
  File "C:\Users\Christian Redes\OneDrive - Grupo MV\Escritorio\Reportes WA con Selenium\MSJ AUTO\mensajes.py", line 51, in esperar_elemento_clickable
    raise RuntimeError(
        "WhatsApp Web no mostró el campo esperado."
    ) from ultimo_error
RuntimeError: WhatsApp Web no mostró el campo esperado.

[2026-08-14 07:00:43] Navegador cerrado.
[2026-08-14 07:01:15] Inicio de la automatización.
[2026-08-14 07:01:54] ERROR: Traceback (most recent call last):
  File "C:\Users\Christian Redes\OneDrive - Grupo MV\Escritorio\Reportes WA con Selenium\MSJ AUTO\mensajes.py", line 45, in esperar_elemento_clickable
    return WebDriverWait(driver, espera_por_selector).until(
           ~~~~~~~~~~~~~~~~~~~~~~~~~~~~~~~~~~~~~~~~~~~~~~~~^
        EC.element_to_be_clickable((By.XPATH, selector))
        ^^^^^^^^^^^^^^^^^^^^^^^^^^^^^^^^^^^^^^^^^^^^^^^^
    )
    ^
  File "C:\Users\Christian Redes\AppData\Local\Programs\Python\Python313\Lib\site-packages\selenium\webdriver\support\wait.py", line 121, in until
    raise TimeoutException(message, screen, stacktrace)
selenium.common.exceptions.TimeoutException: Message: 
Stacktrace:
	chromedriver!GetHandleVerifier [0xe43353+fd93]
	chromedriver!GetHandleVerifier [0xe43394+fdd4]
	chromedriver!(No symbol) [0xc39220]
	chromedriver!(No symbol) [0xc832fb]
	chromedriver!(No symbol) [0xc8351b]
	chromedriver!(No symbol) [0xcc5b82]
	chromedriver!(No symbol) [0xca58c4]
	chromedriver!(No symbol) [0xcc34d9]
	chromedriver!(No symbol) [0xca5616]
	chromedriver!(No symbol) [0xc787e9]
	chromedriver!(No symbol) [0xc795b4]
	chromedriver!GetHandleVerifier [0x10df51a+2abf5a]
	chromedriver!GetHandleVerifier [0x10daa21+2a7461]
	chromedriver!GetHandleVerifier [0xe6f374+3bdb4]
	chromedriver!GetHandleVerifier [0xe5e036+2aa76]
	chromedriver!GetHandleVerifier [0xe64efd+3193d]
	chromedriver!GetHandleVerifier [0xe4c8a8+192e8]
	chromedriver!GetHandleVerifier [0xe4ca55+19495]
	chromedriver!GetHandleVerifier [0xe353ff+1e3f]
	KERNEL32!BaseThreadInitThunk [0x76a4fcc9+19]
	ntdll!RtlGetAppContainerNamedObjectPath [0x776582ae+11e]
	ntdll!RtlGetAppContainerNamedObjectPath [0x7765827e+ee]


The above exception was the direct cause of the following exception:

Traceback (most recent call last):
  File "C:\Users\Christian Redes\OneDrive - Grupo MV\Escritorio\Reportes WA con Selenium\MSJ AUTO\mensajes.py", line 208, in ejecutar_automatizacion
    accion(driver)
    ~~~~~~^^^^^^^^
  File "C:\Users\Christian Redes\OneDrive - Grupo MV\Escritorio\Reportes WA con Selenium\MSJ AUTO\mensajes.py", line 242, in accion
    abrir_grupo(driver)
    ~~~~~~~~~~~^^^^^^^^
  File "C:\Users\Christian Redes\OneDrive - Grupo MV\Escritorio\Reportes WA con Selenium\MSJ AUTO\mensajes.py", line 88, in abrir_grupo
    buscador = esperar_elemento_clickable(
        driver,
    ...<4 lines>...
        ]
    )
  File "C:\Users\Christian Redes\OneDrive - Grupo MV\Escritorio\Reportes WA con Selenium\MSJ AUTO\mensajes.py", line 51, in esperar_elemento_clickable
    raise RuntimeError(
        "WhatsApp Web no mostró el campo esperado."
    ) from ultimo_error
RuntimeError: WhatsApp Web no mostró el campo esperado.

[2026-08-14 07:01:57] Navegador cerrado.
[2026-08-14 07:02:02] Inicio de la automatización.
[2026-08-14 07:06:34] Mensaje(s) enviado(s) correctamente.
[2026-08-14 07:06:37] Navegador cerrado.
[2026-08-14 07:10:02] Inicio de la automatización.
[2026-08-14 07:10:58] Mensaje(s) enviado(s) correctamente.
[2026-08-14 07:11:00] Navegador cerrado.
[2026-08-14 11:57:59] Inicio de la automatización.
[2026-08-14 11:58:21] Mensaje(s) enviado(s) correctamente.
[2026-08-14 11:58:23] Navegador cerrado.
[2026-08-14 12:57:03] Inicio de la automatización.
[2026-08-14 12:57:27] Mensaje(s) enviado(s) correctamente.
[2026-08-14 12:57:29] Navegador cerrado.
[2026-08-14 16:45:03] Inicio de la automatización.
[2026-08-14 16:45:57] Mensaje(s) enviado(s) correctamente.
[2026-08-14 16:46:00] Navegador cerrado.
[2026-08-14 17:00:02] Inicio de la automatización.
[2026-08-14 17:00:33] Mensaje(s) enviado(s) correctamente.
[2026-08-14 17:00:36] Navegador cerrado.
[2026-08-15 06:55:02] Inicio de la automatización.
[2026-08-15 06:59:25] Mensaje(s) enviado(s) correctamente.
[2026-08-15 06:59:28] Navegador cerrado.
[2026-08-15 07:10:01] Inicio de la automatización.
[2026-08-15 07:10:55] Mensaje(s) enviado(s) correctamente.
[2026-08-15 07:10:58] Navegador cerrado.
[2026-08-15 07:30:01] Inicio de la automatización.
[2026-08-15 07:30:53] Mensaje(s) enviado(s) correctamente.
[2026-08-15 07:30:56] Navegador cerrado.
[2026-08-15 11:57:59] Inicio de la automatización.
[2026-08-15 11:58:24] Mensaje(s) enviado(s) correctamente.
[2026-08-15 11:58:27] Navegador cerrado.
[2026-08-17 06:55:04] Inicio de la automatización.
[2026-08-17 06:59:27] Mensaje(s) enviado(s) correctamente.
[2026-08-17 06:59:30] Navegador cerrado.
[2026-08-17 07:10:03] Inicio de la automatización.
[2026-08-17 07:11:06] Mensaje(s) enviado(s) correctamente.
[2026-08-17 07:11:08] Navegador cerrado.
[2026-08-17 11:57:58] Inicio de la automatización.
[2026-08-17 11:58:20] Mensaje(s) enviado(s) correctamente.
[2026-08-17 11:58:23] Navegador cerrado.
[2026-08-17 12:57:01] Inicio de la automatización.
[2026-08-17 12:57:23] Mensaje(s) enviado(s) correctamente.
[2026-08-17 12:57:26] Navegador cerrado.
[2026-08-17 16:45:02] Inicio de la automatización.
[2026-08-17 16:45:59] Mensaje(s) enviado(s) correctamente.
[2026-08-17 16:46:01] Navegador cerrado.
[2026-08-17 17:00:02] Inicio de la automatización.
[2026-08-17 17:00:28] Mensaje(s) enviado(s) correctamente.
[2026-08-17 17:00:30] Navegador cerrado.
[2026-08-18 06:55:02] Inicio de la automatización.
[2026-08-18 06:59:21] Mensaje(s) enviado(s) correctamente.
[2026-08-18 06:59:24] Navegador cerrado.
[2026-08-18 07:10:02] Inicio de la automatización.
[2026-08-18 07:11:03] Mensaje(s) enviado(s) correctamente.
[2026-08-18 07:11:06] Navegador cerrado.
[2026-08-18 11:57:59] Inicio de la automatización.
[2026-08-18 11:58:23] Mensaje(s) enviado(s) correctamente.
[2026-08-18 11:58:26] Navegador cerrado.
[2026-08-18 12:57:02] Inicio de la automatización.
[2026-08-18 12:57:25] Mensaje(s) enviado(s) correctamente.
[2026-08-18 12:57:27] Navegador cerrado.
[2026-08-18 16:45:03] Inicio de la automatización.
[2026-08-18 16:45:58] Mensaje(s) enviado(s) correctamente.
[2026-08-18 16:46:00] Navegador cerrado.
[2026-08-18 17:00:02] Inicio de la automatización.
[2026-08-18 17:00:26] Mensaje(s) enviado(s) correctamente.
[2026-08-18 17:00:28] Navegador cerrado.
[2026-08-19 06:55:02] Inicio de la automatización.
[2026-08-19 06:59:20] Mensaje(s) enviado(s) correctamente.
[2026-08-19 06:59:23] Navegador cerrado.
[2026-08-19 07:10:02] Inicio de la automatización.
[2026-08-19 07:10:56] Mensaje(s) enviado(s) correctamente.
[2026-08-19 07:10:59] Navegador cerrado.
[2026-08-19 11:57:59] Inicio de la automatización.
[2026-08-19 11:58:25] Mensaje(s) enviado(s) correctamente.
[2026-08-19 11:58:28] Navegador cerrado.
[2026-08-19 12:57:02] Inicio de la automatización.
[2026-08-19 12:57:24] Mensaje(s) enviado(s) correctamente.
[2026-08-19 12:57:26] Navegador cerrado.
[2026-08-19 16:45:02] Inicio de la automatización.
[2026-08-19 16:46:02] Mensaje(s) enviado(s) correctamente.
[2026-08-19 16:46:05] Navegador cerrado.
[2026-08-19 17:00:02] Inicio de la automatización.
[2026-08-19 17:00:29] Mensaje(s) enviado(s) correctamente.
[2026-08-19 17:00:32] Navegador cerrado.
[2026-08-20 06:55:02] Inicio de la automatización.
[2026-08-20 06:59:34] Mensaje(s) enviado(s) correctamente.
[2026-08-20 06:59:36] Navegador cerrado.
[2026-08-20 07:10:02] Inicio de la automatización.
[2026-08-20 07:10:57] Mensaje(s) enviado(s) correctamente.
[2026-08-20 07:11:00] Navegador cerrado.
[2026-08-20 11:57:59] Inicio de la automatización.
[2026-08-20 11:58:20] Mensaje(s) enviado(s) correctamente.
[2026-08-20 11:58:23] Navegador cerrado.
[2026-08-20 12:57:02] Inicio de la automatización.
[2026-08-20 12:57:23] Mensaje(s) enviado(s) correctamente.
[2026-08-20 12:57:26] Navegador cerrado.
[2026-08-20 16:45:02] Inicio de la automatización.
[2026-08-20 16:45:57] Mensaje(s) enviado(s) correctamente.
[2026-08-20 16:45:59] Navegador cerrado.
[2026-08-20 17:00:02] Inicio de la automatización.
[2026-08-20 17:00:23] Mensaje(s) enviado(s) correctamente.
[2026-08-20 17:00:26] Navegador cerrado.
[2026-08-21 06:55:02] Inicio de la automatización.
[2026-08-21 06:59:23] Mensaje(s) enviado(s) correctamente.
[2026-08-21 06:59:25] Navegador cerrado.
[2026-08-21 07:10:02] Inicio de la automatización.
[2026-08-21 07:10:57] Mensaje(s) enviado(s) correctamente.
[2026-08-21 07:11:00] Navegador cerrado.
